Time,Conc (mg/m3),Qtot (m3),no (V),WS (MPS),no (V),RH (%),no (V),AT (C),Stab (ug),Ref (ug),E,U,M,I,L,R,N,F,P,D,C,T,,
2022-08-03 13:00:00,0.013,0.701,0.468,12.3,0.222,42,0.501,17.2,0.3,782.4,0,0,0,0,0,0,0,0,0,0,0,0,,
2022-08-03 14:00:00,0.019,0.7,0.46,12,0.216,43,0.5,18.1,-0.5,782.4,0,0,0,0,0,0,0,0,0,0,0,0,,
2022-08-03 15:00:00,0.019,0.7,0.445,11.3,0.202,42,0.498,18.8,-0.2,782.4,0,0,0,0,0,0,0,0,0,0,0,0,,
2022-08-03 16:00:00,0.021,0.7,0.443,11.2,0.2,41,0.498,19.5,0,782.4,0,0,0,0,0,0,0,0,0,0,0,0,,
2022-08-03 17:00:00,0.024,0.7,0.44,11.1,0.198,40,0.498,19.6,-2.8,782.4,0,0,0,0,0,0,0,0,0,0,0,0,,
2022-08-03 18:00:00,0.03,0.7,0.4,11,0.2,41,0.496,18.9,0.1,782.4,0,0,0,0,0,0,0,0,0,0,0,0,,
2022-08-03 19:00:00,0.036,0.7,69.7,10.9,8.7,43,0.496,17.8,-1.2,782.4,0,0,0,0,0,0,0,0,0,0,0,0,,
2022-08-03 20:00:00,0.054,0.7,69.2,10.8,8.5,44,0.495,17,0.1,782.4,0,0,0,0,0,0,0,0,0,0,0,0,,
2022-08-03 21:00:00,0.058,0.7,68.6,10.6,8.4,44,0.495,16.4,0.4,782.4,0,0,0,0,0,0,0,0,0,0,0,0,,
2022-08-03 22:00:00,0.053,0.7,68,10.5,8.3,43,0.494,16.5,-0.8,782.4,0,0,0,0,0,0,0,0,0,0,0,0,,
2022-08-03 23:00:00,0.051,0.7,67.9,10.4,8.2,44,0.493,16.6,0.5,782.4,0,0,0,0,0,0,0,0,0,0,0,0,,
2022-08-04 00:00:00,0.082,0.7,68,10.4,8.2,43,0.493,16.6,-2.9,782.4,0,0,0,0,0,0,0,0,0,0,0,0,,
2022-08-04 01:00:00,0.028,0.7,68.2,10.4,8.2,43,0.493,16.2,-1.2,780.2,0,0,0,0,0,0,0,0,0,0,0,0,,
2022-08-04 02:00:00,0.011,0.7,68.2,10.4,8.2,43,0.493,15.8,-1.5,780.2,0,0,0,0,0,0,0,0,0,0,0,0,,
2022-08-04 03:00:00,0.013,0.7,68.1,10.4,8.2,44,0.493,15.5,0.4,780.2,0,0,0,0,0,0,0,0,0,0,0,0,,
2022-08-04 04:00:00,0.015,0.7,67.9,10.4,8.2,44,0.493,15.2,1.2,780.2,0,0,0,0,0,0,0,0,0,0,0,0,,
2022-08-04 05:00:00,0.012,0.7,67.9,10.4,8.2,44,0.493,15,2.1,780.2,0,0,0,0,0,0,0,0,0,0,0,0,,
2022-08-04 06:00:00,0.014,0.701,68,10.4,8.2,43,0.493,15.1,1.4,780.2,0,0,0,0,0,0,0,0,0,0,0,0,,
2022-08-04 07:00:00,0.016,0.701,67.9,10.4,8.2,43,0.493,15.2,0.4,780.2,0,0,0,0,0,0,0,0,0,0,0,0,,
2022-08-04 08:00:00,0.025,0.7,68.2,10.5,8.3,44,0.493,15.2,0.2,780.2,0,0,0,0,0,0,0,0,0,0,0,0,,
2022-08-04 09:00:00,0.02,0.7,68.4,10.5,8.3,44,0.493,15.1,1,780.2,0,0,0,0,0,0,0,0,0,0,0,0,,
2022-08-04 10:00:00,0.012,0.7,68.5,10.5,8.3,44,0.493,14.9,-0.3,780.2,0,0,0,0,0,0,0,0,0,0,0,0,,
2022-08-04 11:00:00,0.021,0.701,68.4,10.5,8.3,43,0.493,16,-0.2,780.2,0,0,0,0,0,0,0,0,0,0,0,0,,
2022-08-04 12:00:00,0.015,0.701,68.6,10.5,8.3,43,0.494,17.1,-1.1,780.2,0,0,0,0,0,0,0,0,0,0,0,0,,
2022-08-04 13:00:00,0.017,0.7,68.5,10.5,8.3,42,0.494,16.9,0.4,780.2,0,0,0,0,0,0,0,0,0,0,0,0,,
2022-08-04 14:00:00,0.015,0.701,68.4,10.5,8.3,41,0.494,16.9,1.3,780.2,0,0,0,0,0,0,0,0,0,0,0,0,,
2022-08-04 15:00:00,0.026,0.7,68.3,10.5,8.3,41,0.494,17.5,-1.5,780.2,0,0,0,0,0,0,0,0,0,0,0,0,,
2022-08-04 16:00:00,0.033,0.7,68,10.5,8.3,42,0.493,18.8,-0.5,780.2,0,0,0,0,0,0,0,0,0,0,0,0,,
2022-08-04 17:00:00,0.031,0.7,68,10.4,8.2,44,0.493,17.6,3.5,780.2,0,0,0,0,0,0,0,0,0,0,0,0,,
2022-08-04 18:00:00,0.031,0.7,67.8,10.4,8.2,45,0.493,17,1,780.2,0,0,0,0,0,0,0,0,0,0,0,0,,
2022-08-04 19:00:00,0.035,0.7,67.7,10.3,8.2,45,0.493,16.7,2.2,780.2,0,0,0,0,0,0,0,0,0,0,0,0,,
2022-08-04 20:00:00,0.033,0.7,67.5,10.3,8.1,44,0.492,16.5,1.1,780.2,0,0,0,0,0,0,0,0,0,0,0,0,,
2022-08-04 21:00:00,0.032,0.7,67.2,10.2,8.1,44,0.491,16.4,0,780.2,0,0,0,0,0,0,0,0,0,0,0,0,,
2022-08-04 22:00:00,0.038,0.7,67.1,10.2,8,44,0.491,16.3,-1.5,780.2,0,0,0,0,0,0,0,0,0,0,0,0,,
2022-08-04 23:00:00,0.032,0.7,67,10.2,8,44,0.491,15.6,1.9,780.2,0,0,0,0,0,0,0,0,0,0,0,0,,
2022-08-05 00:00:00,0.024,0.7,66.9,10.1,8,44,0.491,15.1,-0.5,780.2,0,0,0,0,0,0,0,0,0,0,0,0,,
2022-08-05 01:00:00,0.022,0.7,66.8,10.1,7.9,44,0.49,14.8,-1.7,783,0,0,0,0,0,0,0,0,0,0,0,0,,
2022-08-05 02:00:00,0.015,0.7,66.7,10.1,7.9,44,0.49,14.4,-2,783,0,0,0,0,0,0,0,0,0,0,0,0,,
2022-08-05 03:00:00,0.012,0.7,66.9,10.1,8,44,0.491,14.3,-0.4,783,0,0,0,0,0,0,0,0,0,0,0,0,,
2022-08-05 04:00:00,0.012,0.701,67,10.2,8,44,0.491,14.4,0.4,783,0,0,0,0,0,0,0,0,0,0,0,0,,
2022-08-05 05:00:00,0.013,0.7,67.2,10.2,8.1,44,0.491,14.4,-0.7,783,0,0,0,0,0,0,0,0,0,0,0,0,,
2022-08-05 06:00:00,0.012,0.7,67.4,10.2,8.1,43,0.491,14.4,2.6,783,0,0,0,0,0,0,0,0,0,0,0,0,,
2022-08-05 07:00:00,0.013,0.7,67.5,10.3,8.1,43,0.491,14.3,3.2,783,0,0,0,0,0,0,0,0,0,0,0,0,,
2022-08-05 08:00:00,0.018,0.7,67.6,10.3,8.1,42,0.492,14.4,-0.9,783,0,0,0,0,0,0,0,0,0,0,0,0,,
2022-08-05 09:00:00,0.024,0.7,0.421,10.3,8.2,43,0.492,14.6,-0.8,783,0,0,0,0,0,0,0,0,0,0,0,0,,
2022-08-05 10:00:00,0.039,0.7,0.421,10.4,8.2,43,0.493,15.2,0.3,783,0,0,0,0,0,0,0,0,0,0,0,0,,
2022-08-05 11:00:00,0.02,0.7,0.424,10.5,8.2,43,0.493,15.6,0.7,783,0,0,0,0,0,0,0,0,0,0,0,0,,
2022-08-05 12:00:00,0.038,0.701,0.424,10.5,8.3,43,0.493,15.9,0.2,783,0,0,0,0,0,0,0,0,0,0,0,0,,
2022-08-05 13:00:00,0.036,0.7,0.424,10.5,8.3,44,0.493,15.9,-1.4,783,0,0,0,0,0,0,0,0,0,0,0,0,,
2022-08-05 14:00:00,0.035,0.7,0.423,10.5,8.3,43,0.493,16.2,0.2,783,0,0,0,0,0,0,0,0,0,0,0,0,,
2022-08-05 15:00:00,0.038,0.7,0.422,10.5,8.3,42,0.493,16.4,1.8,783,0,0,0,0,0,0,0,0,0,0,0,0,,
2022-08-05 16:00:00,0.035,0.7,0.422,10.5,8.3,42,0.494,17.4,-1.1,783,0,0,0,0,0,0,0,0,0,0,0,0,,
2022-08-05 17:00:00,0.031,0.7,0.422,10.4,8.2,41,0.494,19,1.3,783,0,0,0,0,0,0,0,0,0,0,0,0,,
2022-08-05 18:00:00,0.034,0.7,0.419,10.3,8.2,41,0.493,19.1,-2.4,783,0,0,0,0,0,0,0,0,0,0,0,0,,
2022-08-05 19:00:00,0.051,0.7,0.421,10.4,8.2,44,0.493,17.1,1.5,783,0,0,0,0,0,0,0,0,0,0,0,0,,
2022-08-05 20:00:00,0.045,0.7,0.421,10.4,8.2,44,0.493,16.3,1.1,783,0,0,0,0,0,0,0,0,0,0,0,0,,
2022-08-05 21:00:00,0.065,0.7,0.418,10.3,8.2,44,0.492,16.2,-1,783,0,0,0,0,0,0,0,0,0,0,0,0,,
2022-08-05 22:00:00,0.073,0.7,0.417,10.3,8.1,42,0.492,16.5,-1.9,783,0,0,0,0,0,0,0,0,0,0,0,0,,
2022-08-05 23:00:00,0.041,0.7,0.418,10.3,8.1,39,0.492,16.4,-0.7,783,0,0,0,0,0,0,0,0,0,0,0,0,,
2022-08-06 00:00:00,0.03,0.7,0.418,10.3,8.1,38,0.492,16,-0.4,783,0,0,0,0,0,0,0,0,0,0,0,0,,
2022-08-06 01:00:00,0.016,0.7,0.419,10.3,8.1,37,0.492,15.6,2.1,782.5,0,0,0,0,0,0,0,0,0,0,0,0,,
2022-08-06 02:00:00,0.013,0.7,0.419,10.3,8.1,36,0.492,14.8,-0.3,782.5,0,0,0,0,0,0,0,0,0,0,0,0,,
2022-08-06 03:00:00,0.01,0.7,0.419,10.3,8.1,35,0.492,14.1,0.2,782.5,0,0,0,0,0,0,0,0,0,0,0,0,,
2022-08-06 04:00:00,0.01,0.7,0.42,10.3,8.2,36,0.492,13.6,-1.8,782.5,0,0,0,0,0,0,0,0,0,0,0,0,,
2022-08-06 05:00:00,0.015,0.7,0.422,10.4,8.2,37,0.492,12.9,2.4,782.5,0,0,0,0,0,0,0,0,0,0,0,0,,
2022-08-06 06:00:00,0.013,0.7,0.424,10.4,8.2,38,0.493,12.7,0.4,782.5,0,0,0,0,0,0,0,0,0,0,0,0,,
2022-08-06 07:00:00,0.02,0.7,0.425,10.5,8.3,38,0.493,13.1,-0.5,782.5,0,0,0,0,0,0,0,0,0,0,0,0,,
2022-08-06 08:00:00,0.027,0.701,0.427,10.6,8.4,39,0.494,14.1,-0.9,782.5,0,0,0,0,0,0,0,0,0,0,0,0,,
2022-08-06 09:00:00,0.027,0.7,0.427,10.6,8.4,39,0.495,15.6,1.9,782.5,0,0,0,0,0,0,0,0,0,0,0,0,,
2022-08-06 10:00:00,0.015,0.7,0.429,10.7,8.5,38,0.495,17.1,-0.6,782.5,0,0,0,0,0,0,0,0,0,0,0,0,,
2022-08-06 11:00:00,0.014,0.701,0.43,10.7,8.5,38,0.495,19.4,0.9,782.5,0,0,0,0,0,0,0,0,0,0,0,0,,
2022-08-06 12:00:00,0.015,0.701,0.43,10.7,8.5,37,0.495,19.9,2.2,782.5,0,0,0,0,0,0,0,0,0,0,0,0,,
2022-08-06 13:00:00,0.015,0.688,0.43,10.7,8.5,37,0.495,21.5,1.1,782.5,0,0,0,0,0,0,0,0,0,0,0,0,,
2022-08-06 14:00:00,0.02,0.7,0.425,10.5,8.4,36,0.495,22.9,-0.3,782.5,0,0,0,0,0,0,0,0,0,0,0,0,,
2022-08-06 15:00:00,0.019,0.7,0.42,10.3,8.2,35,0.494,24,-4.5,782.5,0,0,0,0,0,0,0,0,0,0,0,0,,
2022-08-06 16:00:00,0.021,0.701,0.414,10.1,8,34,0.492,24.3,1.4,782.5,0,0,0,0,0,0,0,0,0,0,0,0,,
2022-08-06 17:00:00,0.022,0.7,0.407,9.9,7.8,34,0.49,24.5,-1.5,782.5,0,0,0,0,0,0,0,0,0,0,0,0,,
2022-08-06 18:00:00,0.029,0.7,0.4,9.6,7.5,34,0.487,22.5,0.6,782.5,0,0,0,0,0,0,0,0,0,0,0,0,,
2022-08-06 19:00:00,0.019,0.7,0.394,9.4,7.3,35,0.484,20.4,3,782.5,0,0,0,0,0,0,0,0,0,0,0,0,,
2022-08-06 20:00:00,0.026,0.7,0.39,9.2,7.2,37,0.48,18.6,-0.5,782.5,0,0,0,0,0,0,0,0,0,0,0,0,,
2022-08-06 21:00:00,0.033,0.7,0.386,9.1,7.1,36,0.477,17.8,0.2,782.5,0,0,0,0,0,0,0,0,0,0,0,0,,
2022-08-06 22:00:00,0.032,0.7,0.383,8.9,7,36,0.475,17.2,1.5,782.5,0,0,0,0,0,0,0,0,0,0,0,0,,
2022-08-06 23:00:00,0.035,0.7,0.381,8.8,0.154,35,0.473,16.6,-1,782.5,0,0,0,0,0,0,0,0,0,0,0,0,,
2022-08-07 00:00:00,0.03,0.701,0.381,8.8,0.153,32,0.473,16,-0.7,782.5,0,0,0,0,0,0,0,0,0,0,0,0,,
2022-08-07 01:00:00,0.025,0.7,0.38,8.8,0.153,31,0.472,14.8,-0.8,782.4,0,0,0,0,0,0,0,0,0,0,0,0,,
2022-08-07 02:00:00,0.017,0.701,0.382,8.8,0.154,32,0.472,13.8,0.4,782.4,0,0,0,0,0,0,0,0,0,0,0,0,,
2022-08-07 03:00:00,0.022,0.7,0.384,8.9,0.155,32,0.473,13.1,1.6,782.4,0,0,0,0,0,0,0,0,0,0,0,0,,
2022-08-07 04:00:00,0.017,0.7,0.385,9,0.156,32,0.474,12.5,-1.2,782.4,0,0,0,0,0,0,0,0,0,0,0,0,,
2022-08-07 05:00:00,0.023,0.7,0.388,9.1,0.158,32,0.476,12.2,-0.1,782.4,0,0,0,0,0,0,0,0,0,0,0,0,,
2022-08-07 06:00:00,0.031,0.7,0.391,9.2,0.161,33,0.478,11.9,1.3,782.4,0,0,0,0,0,0,0,0,0,0,0,0,,
2022-08-07 07:00:00,0.012,0.7,0.394,9.3,0.162,34,0.48,12.6,-1.3,782.4,0,0,0,0,0,0,0,0,0,0,0,0,,
2022-08-07 08:00:00,0.015,0.702,0.398,9.4,0.165,35,0.482,12.5,-1,782.4,0,0,0,0,0,0,0,0,0,0,0,0,,
2022-08-07 09:00:00,0.014,0.7,0.401,9.6,0.167,35,0.484,12.8,-1.1,782.4,0,0,0,0,0,0,0,0,0,0,0,0,,
2022-08-07 10:00:00,0.014,0.7,0.404,9.7,0.169,35,0.485,13.5,-1.1,782.4,0,0,0,0,0,0,0,0,0,0,0,0,,
2022-08-07 11:00:00,0.016,0.702,0.406,9.8,0.172,35,0.487,14.8,2.1,782.4,0,0,0,0,0,0,0,0,0,0,0,0,,
2022-08-07 12:00:00,0.016,0.701,0.408,9.9,0.173,35,0.488,16.9,-0.1,782.4,0,0,0,0,0,0,0,0,0,0,0,0,,
2022-08-07 13:00:00,0.015,0.7,0.408,9.9,0.173,34,0.489,19.8,0.7,782.4,0,0,0,0,0,0,0,0,0,0,0,0,,
2022-08-07 14:00:00,0.015,0.7,0.407,9.8,0.173,33,0.489,21.2,-0.1,782.4,0,0,0,0,0,0,0,0,0,0,0,0,,
2022-08-07 15:00:00,0.02,0.7,0.406,9.8,0.172,33,0.488,22.1,-2.6,782.4,0,0,0,0,0,0,0,0,0,0,0,0,,
2022-08-07 16:00:00,0.014,0.7,0.401,9.6,0.168,32,0.487,23.1,-0.5,782.4,0,0,0,0,0,0,0,0,0,0,0,0,,
2022-08-07 17:00:00,0.016,0.7,0.397,9.4,0.165,32,0.485,21.9,1.1,782.4,0,0,0,0,0,0,0,0,0,0,0,0,,
2022-08-07 18:00:00,0.022,0.7,0.392,9.3,0.162,32,0.482,21.2,-3.1,782.4,0,0,0,0,0,0,0,0,0,0,0,0,,
2022-08-07 19:00:00,0.03,0.7,0.387,9.1,0.158,33,0.479,20.2,-1,782.4,0,0,0,0,0,0,0,0,0,0,0,0,,
2022-08-07 20:00:00,0.027,0.7,0.383,8.9,0.155,32,0.476,19,-2.3,782.4,0,0,0,0,0,0,0,0,0,0,0,0,,
2022-08-07 21:00:00,0.019,0.697,0.38,8.8,0.153,34,0.472,17.8,1.2,782.4,0,0,0,0,0,0,0,0,0,0,0,0,,
2022-08-07 22:00:00,0.019,0.701,0.377,8.7,0.15,34,0.469,17.2,1.4,782.4,0,0,0,0,0,0,0,0,0,0,0,0,,
2022-08-07 23:00:00,0.019,0.7,0.375,8.6,0.149,34,0.468,17,-0.8,782.4,0,0,0,0,0,0,0,0,0,0,0,0,,
2022-08-08 00:00:00,0.02,0.7,0.375,8.5,0.148,34,0.467,16.7,-3.3,782.4,0,0,0,0,0,0,0,0,0,0,0,0,,
2022-08-08 01:00:00,0.024,0.7,0.374,8.5,0.148,34,0.466,16,-1.1,782.6,0,0,0,0,0,0,0,0,0,0,0,0,,
2022-08-08 02:00:00,0.021,0.7,0.374,8.5,0.148,34,0.467,16.1,1.8,782.6,0,0,0,0,0,0,0,0,0,0,0,0,,
2022-08-08 03:00:00,0.018,0.7,0.374,8.6,0.149,32,0.468,15.9,0.2,782.6,0,0,0,0,0,0,0,0,0,0,0,0,,
2022-08-08 04:00:00,0.015,0.7,0.375,8.6,0.15,31,0.468,15,-1.3,782.6,0,0,0,0,0,0,0,0,0,0,0,0,,
2022-08-08 05:00:00,0.013,0.701,0.378,8.7,0.151,31,0.469,14.7,1.3,782.6,0,0,0,0,0,0,0,0,0,0,0,0,,
2022-08-08 06:00:00,0.013,0.7,0.379,8.7,0.152,32,0.471,14.6,-1.4,782.6,0,0,0,0,0,0,0,0,0,0,0,0,,
2022-08-08 07:00:00,0.015,0.7,0.382,8.8,0.153,33,0.472,14.4,2.4,782.6,0,0,0,0,0,0,0,0,0,0,0,0,,
2022-08-08 08:00:00,0.015,0.7,0.385,8.9,0.155,34,0.473,14.4,1.1,782.6,0,0,0,0,0,0,0,0,0,0,0,0,,
2022-08-08 09:00:00,0.014,0.7,0.386,9,0.156,34,0.475,15.3,1.4,782.6,0,0,0,0,0,0,0,0,0,0,0,0,,
2022-08-08 10:00:00,0.016,0.7,0.389,9.1,0.158,33,0.477,16.5,2,782.6,0,0,0,0,0,0,0,0,0,0,0,0,,
2022-08-08 11:00:00,0.012,0.7,0.391,9.1,0.159,32,0.478,18.2,-1.4,782.6,0,0,0,0,0,0,0,0,0,0,0,0,,
2022-08-08 12:00:00,0.013,0.7,0.391,9.1,0.159,32,0.479,19.4,-0.2,782.6,0,0,0,0,0,0,0,0,0,0,0,0,,
2022-08-08 13:00:00,0.011,0.701,0.39,9.1,7.1,31,0.48,21.1,0.2,782.6,0,0,0,0,0,0,0,0,0,0,0,0,,
2022-08-08 14:00:00,0.017,0.7,0.389,9.1,7,30,0.479,22.4,0.6,782.6,0,0,0,0,0,0,0,0,0,0,0,0,,
2022-08-08 15:00:00,0.014,0.7,0.385,9,7,29,0.477,22.9,-1.5,782.6,0,0,0,0,0,0,0,0,0,0,0,0,,
2022-08-08 16:00:00,0.019,0.7,0.381,8.8,6.9,29,0.474,22.5,0,782.6,0,0,0,0,0,0,0,0,0,0,0,0,,
2022-08-08 17:00:00,0.016,0.7,0.375,8.6,6.7,29,0.47,22.6,-1,782.6,0,0,0,0,0,0,0,0,0,0,0,0,,
2022-08-08 18:00:00,0.017,0.7,0.37,8.4,6.5,28,0.465,22,-0.7,782.6,0,0,0,0,0,0,0,0,0,0,0,0,,
2022-08-08 19:00:00,0.019,0.7,0.366,8.2,6.4,28,0.461,21,-0.5,782.6,0,0,0,0,0,0,0,0,0,0,0,0,,
2022-08-08 20:00:00,0.022,0.7,0.362,8.1,6.2,27,0.457,20.2,1.9,782.6,0,0,0,0,0,0,0,0,0,0,0,0,,
2022-08-08 21:00:00,0.025,0.7,0.359,8,6.2,27,0.454,19.3,-1.1,782.6,0,0,0,0,0,0,0,0,0,0,0,0,,
2022-08-08 22:00:00,0.019,0.7,0.357,7.9,6.1,26,0.452,18.7,-1.8,782.6,0,0,0,0,0,0,0,0,0,0,0,0,,
2022-08-08 23:00:00,0.02,0.7,0.355,7.9,6,26,0.45,17.8,0,782.6,0,0,0,0,0,0,0,0,0,0,0,0,,
2022-08-09 00:00:00,0.021,0.7,0.355,7.8,6,26,0.449,16.5,0,782.6,0,0,0,0,0,0,0,0,0,0,0,0,,
2022-08-09 01:00:00,0.017,0.7,0.355,7.9,6.1,28,0.449,15.4,-0.5,782.5,0,0,0,0,0,0,0,0,0,0,0,0,,
2022-08-09 02:00:00,0.018,0.7,0.357,7.9,6.1,29,0.45,14.5,-2.2,782.5,0,0,0,0,0,0,0,0,0,0,0,0,,
2022-08-09 03:00:00,0.016,0.7,0.359,8,6.1,31,0.451,14.1,0.3,782.5,0,0,0,0,0,0,0,0,0,0,0,0,,
2022-08-09 04:00:00,0.014,0.701,0.361,8.1,6.2,31,0.454,14.4,-1.2,782.5,0,0,0,0,0,0,0,0,0,0,0,0,,
2022-08-09 05:00:00,0.013,0.702,0.363,8.1,6.3,31,0.456,14.5,1.9,782.5,0,0,0,0,0,0,0,0,0,0,0,0,,
2022-08-09 06:00:00,0.011,0.7,0.366,8.2,6.4,31,0.458,14.5,-0.5,782.5,0,0,0,0,0,0,0,0,0,0,0,0,,
2022-08-09 07:00:00,0.012,0.701,0.369,8.4,6.5,32,0.461,14.7,0.9,782.5,0,0,0,0,0,0,0,0,0,0,0,0,,
2022-08-09 08:00:00,0.011,0.7,0.372,8.5,6.6,32,0.463,14.7,0.2,782.5,0,0,0,0,0,0,0,0,0,0,0,0,,
2022-08-09 09:00:00,0.01,0.7,0.374,8.5,6.6,33,0.466,15.5,-0.2,782.5,0,0,0,0,0,0,0,0,0,0,0,0,,
2022-08-09 10:00:00,0.011,0.701,0.377,8.6,6.7,32,0.468,16.6,0.2,782.5,0,0,0,0,0,0,0,0,0,0,0,0,,
2022-08-09 11:00:00,0.011,0.7,0.379,8.7,6.7,32,0.47,18,2.2,782.5,0,0,0,0,0,0,0,0,0,0,0,0,,
2022-08-09 12:00:00,0.01,0.698,0.38,8.7,6.8,31,0.471,20.1,0.4,782.5,0,0,0,0,0,0,0,0,0,0,0,0,,
2022-08-09 13:00:00,0.012,0.701,0.379,8.7,6.7,30,0.472,21.8,-0.3,782.5,0,0,0,0,0,0,0,0,0,0,0,0,,
2022-08-09 14:00:00,0.01,0.701,0.377,8.7,6.7,30,0.471,23.7,1,782.5,0,0,0,0,0,0,0,0,0,0,0,0,,
2022-08-09 15:00:00,0.015,0.7,0.373,8.5,6.6,29,0.469,24.4,0.6,782.5,0,0,0,0,0,0,0,0,0,0,0,0,,
2022-08-09 16:00:00,0.01,0.7,0.368,8.4,6.5,28,0.465,24.2,0.9,782.5,0,0,0,0,0,0,0,0,0,0,0,0,,
2022-08-09 17:00:00,0.012,0.7,0.363,8.2,6.3,28,0.46,23.7,-0.3,782.5,0,0,0,0,0,0,0,0,0,0,0,0,,
2022-08-09 18:00:00,0.014,0.7,0.36,8,6.2,28,0.456,23.5,1.4,782.5,0,0,0,0,0,0,0,0,0,0,0,0,,
2022-08-09 19:00:00,0.015,0.7,0.355,7.8,6,29,0.451,21.8,0.4,782.5,0,0,0,0,0,0,0,0,0,0,0,0,,
2022-08-09 20:00:00,0.018,0.7,0.35,7.7,5.9,30,0.446,20,-0.3,782.5,0,0,0,0,0,0,0,0,0,0,0,0,,
2022-08-09 21:00:00,0.021,0.7,0.347,7.6,5.8,30,0.442,19.2,0.1,782.5,0,0,0,0,0,0,0,0,0,0,0,0,,
2022-08-09 22:00:00,0.018,0.7,0.344,7.5,5.7,30,0.439,18.9,-2.4,782.5,0,0,0,0,0,0,0,0,0,0,0,0,,
2022-08-09 23:00:00,0.02,0.7,0.342,7.4,5.7,28,0.437,18.6,0.5,782.5,0,0,0,0,0,0,0,0,0,0,0,0,,
2022-08-10 00:00:00,0.009,0.7,0.341,7.4,5.6,27,0.436,18.1,-1.2,782.5,0,0,0,0,0,0,0,0,0,0,0,0,,
2022-08-10 01:00:00,0.009,0.7,0.342,7.4,5.6,28,0.436,17.2,0.6,783.1,0,0,0,0,0,0,0,0,0,0,0,0,,
2022-08-10 02:00:00,0.02,0.7,0.341,7.4,5.7,28,0.437,16.4,-0.8,783.1,0,0,0,0,0,0,0,0,0,0,0,0,,
2022-08-10 03:00:00,0.006,0.701,0.344,7.5,5.7,28,0.438,15.8,-1.5,783.1,0,0,0,0,0,0,0,0,0,0,0,0,,
2022-08-10 04:00:00,0.006,0.7,0.3,7.5,5.8,29,0.44,15.3,1.3,783.1,0,0,0,0,0,0,0,0,0,0,0,0,,
2022-08-10 05:00:00,0.008,0.701,56.1,7.6,5.8,29,0.441,15,1.2,783.1,0,0,0,0,0,0,0,0,0,0,0,0,,
2022-08-10 06:00:00,0.008,0.7,56.4,7.7,5.9,29,0.443,14.8,2.4,783.1,0,0,0,0,0,0,0,0,0,0,0,0,,
2022-08-10 07:00:00,0.007,0.7,56.8,7.8,5.9,29,0.446,14.7,-0.8,783.1,0,0,0,0,0,0,0,0,0,0,0,0,,
2022-08-10 08:00:00,0.012,0.701,57.2,7.8,6,29,0.448,15.1,0.3,783.1,0,0,0,0,0,0,0,0,0,0,0,0,,
2022-08-10 09:00:00,0.01,0.7,57.6,7.9,6.1,30,0.451,15.7,-1.6,783.1,0,0,0,0,0,0,0,0,0,0,0,0,,
2022-08-10 10:00:00,0.014,0.7,58,8,6.2,29,0.454,17.6,-2.4,783.1,0,0,0,0,0,0,0,0,0,0,0,0,,
2022-08-10 11:00:00,0.016,0.7,58.2,8.1,6.2,29,0.456,19.6,0.9,783.1,0,0,0,0,0,0,0,0,0,0,0,0,,
2022-08-10 12:00:00,0.016,0.701,58.3,8.1,6.2,28,0.458,21.6,-0.8,783.1,0,0,0,0,0,0,0,0,0,0,0,0,,
2022-08-10 13:00:00,0.019,0.701,58.4,8.1,6.3,28,0.459,23.2,-2.1,783.1,0,0,0,0,0,0,0,0,0,0,0,0,,
2022-08-10 14:00:00,0.012,0.7,58.2,8.1,6.2,27,0.458,24.9,-0.8,783.1,0,0,0,0,0,0,0,0,0,0,0,0,,
2022-08-10 15:00:00,0.012,0.701,57.5,7.9,6.1,26,0.455,26.2,-1.5,783.1,0,0,0,0,0,0,0,0,0,0,0,0,,
2022-08-10 16:00:00,0.011,0.7,56.7,7.7,5.9,26,0.449,25.7,0.1,783.1,0,0,0,0,0,0,0,0,0,0,0,0,,
2022-08-10 17:00:00,0.017,0.7,55.8,7.5,5.8,25,0.444,25.7,-0.1,783.1,0,0,0,0,0,0,0,0,0,0,0,0,,
2022-08-10 18:00:00,0.018,0.7,54.8,7.3,5.6,25,0.438,24.2,0.5,783.1,0,0,0,0,0,0,0,0,0,0,0,0,,
2022-08-10 19:00:00,0.02,0.7,54,7.2,5.5,27,0.432,21.9,-0.6,783.1,0,0,0,0,0,0,0,0,0,0,0,0,,
2022-08-10 20:00:00,0.02,0.7,53.3,7,5.4,29,0.427,20.3,-0.4,783.1,0,0,0,0,0,0,0,0,0,0,0,0,,
2022-08-10 21:00:00,0.015,0.7,52.8,6.9,5.3,29,0.422,19.5,0.7,783.1,0,0,0,0,0,0,0,0,0,0,0,0,,
2022-08-10 22:00:00,0.011,0.7,52.6,6.8,5.2,28,0.419,18.7,-0.2,783.1,0,0,0,0,0,0,0,0,0,0,0,0,,
2022-08-10 23:00:00,0.007,0.7,52.3,6.8,5.2,28,0.417,18.1,0.2,783.1,0,0,0,0,0,0,0,0,0,0,0,0,,
2022-08-11 00:00:00,0.006,0.7,52.3,6.8,5.2,28,0.416,17.7,-0.2,783.1,0,0,0,0,0,0,0,0,0,0,0,0,,
2022-08-11 01:00:00,0.004,0.701,52.3,6.8,5.2,28,0.417,17.2,0.8,779.8,0,0,0,0,0,0,0,0,0,0,0,0,,
2022-08-11 02:00:00,0.005,0.7,52.5,6.8,5.2,29,0.418,16.9,-1.9,779.8,0,0,0,0,0,0,0,0,0,0,0,0,,
2022-08-11 03:00:00,0.006,0.7,52.7,6.9,5.2,30,0.419,16.6,-1,779.8,0,0,0,0,0,0,0,0,0,0,0,0,,
2022-08-11 04:00:00,0.005,0.701,53,6.9,5.3,31,0.421,16.2,0.6,779.8,0,0,0,0,0,0,0,0,0,0,0,0,,
2022-08-11 05:00:00,0.006,0.7,53.3,7,5.3,31,0.423,15,0.3,779.8,0,0,0,0,0,0,0,0,0,0,0,0,,
2022-08-11 06:00:00,0.007,0.7,53.8,7.1,5.4,32,0.426,14.5,0.9,779.8,0,0,0,0,0,0,0,0,0,0,0,0,,
2022-08-11 07:00:00,0.012,0.7,54.3,7.2,5.5,33,0.429,14.5,1.2,779.8,0,0,0,0,0,0,0,0,0,0,0,0,,
2022-08-11 08:00:00,0.012,0.7,54.8,7.3,5.6,32,0.431,14.2,-2.3,779.8,0,0,0,0,0,0,0,0,0,0,0,0,,
2022-08-11 09:00:00,0.012,0.7,55.2,7.4,5.6,31,0.435,14.6,0.9,779.8,0,0,0,0,0,0,0,0,0,0,0,0,,
2022-08-11 10:00:00,0.007,0.7,55.8,7.5,5.8,30,0.438,15.2,0.3,779.8,0,0,0,0,0,0,0,0,0,0,0,0,,
2022-08-11 11:00:00,0.005,0.7,56.3,7.6,5.8,30,0.442,16.1,1.5,779.8,0,0,0,0,0,0,0,0,0,0,0,0,,
2022-08-11 12:00:00,0.011,0.701,56.9,7.7,5.9,31,0.446,17.9,-2.3,779.8,0,0,0,0,0,0,0,0,0,0,0,0,,
2022-08-11 13:00:00,0.009,0.701,57.2,7.8,6,30,0.448,19.8,1.7,779.8,0,0,0,0,0,0,0,0,0,0,0,0,,
2022-08-11 14:00:00,0.01,0.7,57.4,7.9,6,29,0.451,21.5,1.8,779.8,0,0,0,0,0,0,0,0,0,0,0,0,,
2022-08-11 15:00:00,0.026,0.7,57.3,7.9,6.1,29,0.451,21,0.9,779.8,0,0,0,0,0,0,0,0,0,0,0,0,,
2022-08-11 16:00:00,0.027,0.7,57.3,7.9,6.1,29,0.452,20.9,-1.8,779.8,0,0,0,0,0,0,0,0,0,0,0,0,,
2022-08-11 17:00:00,0.022,0.7,57.1,7.9,6.1,29,0.451,21.1,0.7,779.8,0,0,0,0,0,0,0,0,0,0,0,0,,
2022-08-11 18:00:00,0.031,0.7,56.9,7.8,6,29,0.45,20.8,-1.8,779.8,0,0,0,0,0,0,0,0,0,0,0,0,,
2022-08-11 19:00:00,0.033,0.7,0.352,7.8,0.134,29,0.449,20.1,0.1,779.8,0,0,0,0,0,0,0,0,0,0,0,0,,
2022-08-11 20:00:00,0.027,0.7,0.352,7.8,0.134,29,0.448,19.4,1.3,779.8,0,0,0,0,0,0,0,0,0,0,0,0,,
2022-08-11 21:00:00,0.03,0.7,0.352,7.8,0.133,31,0.447,18.6,1.3,779.8,0,0,0,0,0,0,0,0,0,0,0,0,,
2022-08-11 22:00:00,0.017,0.7,0.353,7.8,0.133,33,0.446,17.4,-0.1,779.8,0,0,0,0,0,0,0,0,0,0,0,0,,
2022-08-11 23:00:00,0.019,0.7,0.353,7.8,0.133,35,0.446,16.2,-1.8,779.8,0,0,0,0,0,0,0,0,0,0,0,0,,
2022-08-12 00:00:00,0.01,0.7,0.355,7.8,0.134,36,0.446,15.6,0.1,779.8,0,0,0,0,0,0,0,0,0,0,0,0,,
2022-08-12 01:00:00,0.007,0.701,0.355,7.8,0.135,36,0.447,15.5,-1.9,782.8,0,0,0,0,0,0,0,0,0,0,0,0,,
2022-08-12 02:00:00,0.005,0.701,0.357,7.9,0.136,35,0.449,14.9,-3,782.8,0,0,0,0,0,0,0,0,0,0,0,0,,
2022-08-12 03:00:00,0.004,0.702,0.358,7.9,0.137,34,0.45,14.6,-2.2,782.8,0,0,0,0,0,0,0,0,0,0,0,0,,
2022-08-12 04:00:00,0.006,0.701,0.361,8,0.138,33,0.452,14.5,-0.7,782.8,0,0,0,0,0,0,0,0,0,0,0,0,,
2022-08-12 05:00:00,0.007,0.702,0.363,8.1,0.14,32,0.454,14.2,-0.9,782.8,0,0,0,0,0,0,0,0,0,0,0,0,,
2022-08-12 06:00:00,0.006,0.702,0.366,8.2,0.142,32,0.457,14.3,3,782.8,0,0,0,0,0,0,0,0,0,0,0,0,,
2022-08-12 07:00:00,0.009,0.7,0.37,8.3,0.143,30,0.46,14.3,-1.6,782.8,0,0,0,0,0,0,0,0,0,0,0,0,,
2022-08-12 08:00:00,0.011,0.7,0.372,8.4,0.146,28,0.462,14.4,1.8,782.8,0,0,0,0,0,0,0,0,0,0,0,0,,
2022-08-12 09:00:00,0.009,0.701,0.375,8.5,0.148,27,0.465,14.9,-1,782.8,0,0,0,0,0,0,0,0,0,0,0,0,,
2022-08-12 10:00:00,0.006,0.701,0.378,8.7,0.15,28,0.468,15.5,-0.3,782.8,0,0,0,0,0,0,0,0,0,0,0,0,,
2022-08-12 11:00:00,0.008,0.7,0.381,8.7,0.151,28,0.47,16.7,0.8,782.8,0,0,0,0,0,0,0,0,0,0,0,0,,
2022-08-12 12:00:00,0.011,0.7,0.382,8.8,0.153,27,0.472,18.1,-0.3,782.8,0,0,0,0,0,0,0,0,0,0,0,0,,
2022-08-12 13:00:00,0.01,0.7,0.383,8.8,0.153,28,0.474,20,-1.2,782.8,0,0,0,0,0,0,0,0,0,0,0,0,,
2022-08-12 14:00:00,0.008,0.7,0.383,8.8,0.154,28,0.474,21.2,-1,782.8,0,0,0,0,0,0,0,0,0,0,0,0,,
2022-08-12 15:00:00,0.01,0.701,0.382,8.8,0.153,29,0.474,22.2,0.4,782.8,0,0,0,0,0,0,0,0,0,0,0,0,,
2022-08-12 16:00:00,0.011,0.7,0.379,8.7,0.151,29,0.471,22,-0.7,782.8,0,0,0,0,0,0,0,0,0,0,0,0,,
2022-08-12 17:00:00,0.008,0.7,0.375,8.6,0.149,29,0.469,21.2,-0.6,782.8,0,0,0,0,0,0,0,0,0,0,0,0,,
2022-08-12 18:00:00,0.015,0.7,0.371,8.4,0.147,29,0.466,20.7,0.5,782.8,0,0,0,0,0,0,0,0,0,0,0,0,,
2022-08-12 19:00:00,0.025,0.7,0.367,8.3,0.143,29,0.462,19.8,0.4,782.8,0,0,0,0,0,0,0,0,0,0,0,0,,
2022-08-12 20:00:00,0.03,0.7,0.363,8.2,0.141,29,0.459,19.5,0,782.8,0,0,0,0,0,0,0,0,0,0,0,0,,
2022-08-12 21:00:00,0.024,0.7,0.361,8.1,0.14,29,0.456,19,0.8,782.8,0,0,0,0,0,0,0,0,0,0,0,0,,
2022-08-12 22:00:00,0.02,0.7,0.36,8,0.139,29,0.454,18.6,-0.7,782.8,0,0,0,0,0,0,0,0,0,0,0,0,,
2022-08-12 23:00:00,0.017,0.7,0.36,8,0.138,30,0.454,18,2.5,782.8,0,0,0,0,0,0,0,0,0,0,0,0,,
2022-08-13 00:00:00,0.013,0.7,0.36,8,0.137,32,0.453,17.3,-0.2,782.8,0,0,0,0,0,0,0,0,0,0,0,0,,
2022-08-13 01:00:00,0.008,0.7,0.36,8,0.138,33,0.453,16.7,0.8,782.5,0,0,0,0,0,0,0,0,0,0,0,0,,
2022-08-13 02:00:00,0.009,0.7,0.361,8.1,0.139,34,0.454,16.3,1.1,782.5,0,0,0,0,0,0,0,0,0,0,0,0,,
2022-08-13 03:00:00,0.013,0.701,0.361,8.1,0.139,35,0.454,15.7,1,782.5,0,0,0,0,0,0,0,0,0,0,0,0,,
2022-08-13 04:00:00,0.008,0.7,0.364,8.1,0.14,35,0.455,15.4,2.2,782.5,0,0,0,0,0,0,0,0,0,0,0,0,,
2022-08-13 05:00:00,0.007,0.7,0.365,8.2,0.142,35,0.457,15.3,2.1,782.5,0,0,0,0,0,0,0,0,0,0,0,0,,
2022-08-13 06:00:00,0.006,0.7,0.368,8.3,0.143,36,0.458,15,0.3,782.5,0,0,0,0,0,0,0,0,0,0,0,0,,
2022-08-13 07:00:00,0.007,0.7,0.369,8.3,0.144,36,0.46,14.4,0.1,782.5,0,0,0,0,0,0,0,0,0,0,0,0,,
2022-08-13 08:00:00,0.008,0.701,0.372,8.4,0.145,36,0.462,14.2,0.5,782.5,0,0,0,0,0,0,0,0,0,0,0,0,,
2022-08-13 09:00:00,0.016,0.702,0.374,8.5,0.147,35,0.463,14,-1,782.5,0,0,0,0,0,0,0,0,0,0,0,0,,
2022-08-13 10:00:00,0.008,0.702,0.375,8.5,0.148,35,0.465,14.4,0.4,782.5,0,0,0,0,0,0,0,0,0,0,0,0,,
2022-08-13 11:00:00,0.009,0.7,0.378,8.7,0.15,34,0.468,15.7,2.5,782.5,0,0,0,0,0,0,0,0,0,0,0,0,,
2022-08-13 12:00:00,0.011,0.701,0.378,8.7,0.151,34,0.469,18.6,0.6,782.5,0,0,0,0,0,0,0,0,0,0,0,0,,
2022-08-13 13:00:00,0.008,0.701,0.379,8.7,0.151,33,0.471,19.6,-1.1,782.5,0,0,0,0,0,0,0,0,0,0,0,0,,
2022-08-13 14:00:00,0.006,0.7,0.38,8.8,0.152,33,0.473,21.5,1.6,782.5,0,0,0,0,0,0,0,0,0,0,0,0,,
2022-08-13 15:00:00,0.019,0.7,0.379,8.7,0.151,33,0.471,20.4,-0.2,782.5,0,0,0,0,0,0,0,0,0,0,0,0,,
2022-08-13 16:00:00,0.021,0.7,0.378,8.7,0.151,33,0.471,20.6,-1,782.5,0,0,0,0,0,0,0,0,0,0,0,0,,
2022-08-13 17:00:00,0.015,0.7,0.374,8.6,0.149,32,0.469,20.8,-0.8,782.5,0,0,0,0,0,0,0,0,0,0,0,0,,
2022-08-13 18:00:00,0.029,0.7,0.372,8.5,0.147,32,0.467,20.5,0.3,782.5,0,0,0,0,0,0,0,0,0,0,0,0,,
2022-08-13 19:00:00,0.028,0.7,0.37,8.4,0.146,33,0.465,19.8,-1.2,782.5,0,0,0,0,0,0,0,0,0,0,0,0,,
2022-08-13 20:00:00,0.031,0.7,0.369,8.4,0.145,34,0.463,18.6,-1.5,782.5,0,0,0,0,0,0,0,0,0,0,0,0,,
2022-08-13 21:00:00,0.027,0.7,0.368,8.3,0.144,35,0.462,18,0.4,782.5,0,0,0,0,0,0,0,0,0,0,0,0,,
2022-08-13 22:00:00,0.028,0.7,0.368,8.3,0.143,36,0.461,17.5,2,782.5,0,0,0,0,0,0,0,0,0,0,0,0,,
2022-08-13 23:00:00,0.028,0.7,0.367,8.3,0.143,35,0.46,17.4,0,782.5,0,0,0,0,0,0,0,0,0,0,0,0,,
2022-08-14 00:00:00,0.028,0.701,0.368,8.3,0.143,35,0.461,17.3,-1.1,782.5,0,0,0,0,0,0,0,0,0,0,0,0,,
2022-08-14 01:00:00,0.013,0.7,0.368,8.4,0.144,35,0.462,16.7,-1,784.2,0,0,0,0,0,0,0,0,0,0,0,0,,
2022-08-14 02:00:00,0.012,0.7,0.371,8.4,0.145,35,0.462,16.3,-2.9,784.2,0,0,0,0,0,0,0,0,0,0,0,0,,
2022-08-14 03:00:00,0.008,0.7,0.372,8.4,0.146,35,0.463,15.7,0.2,784.2,0,0,0,0,0,0,0,0,0,0,0,0,,
2022-08-14 04:00:00,0.011,0.701,0.373,8.5,0.147,35,0.464,15.7,0.5,784.2,0,0,0,0,0,0,0,0,0,0,0,0,,
2022-08-14 05:00:00,0.01,0.7,0.374,8.5,0.148,35,0.465,15.8,0.2,784.2,0,0,0,0,0,0,0,0,0,0,0,0,,
2022-08-14 06:00:00,0.007,0.7,0.377,8.6,0.149,35,0.466,14.6,1.1,784.2,0,0,0,0,0,0,0,0,0,0,0,0,,
2022-08-14 07:00:00,0.007,0.7,0.377,8.7,0.15,35,0.468,14.3,1.5,784.2,0,0,0,0,0,0,0,0,0,0,0,0,,
2022-08-14 08:00:00,0.012,0.7,0.379,8.7,0.151,36,0.469,14.7,1.3,784.2,0,0,0,0,0,0,0,0,0,0,0,0,,
2022-08-14 09:00:00,0.01,0.7,0.382,8.8,0.153,36,0.471,15.4,-0.3,784.2,0,0,0,0,0,0,0,0,0,0,0,0,,
2022-08-14 10:00:00,0.012,0.701,0.383,8.8,0.154,36,0.473,16.8,1.6,784.2,0,0,0,0,0,0,0,0,0,0,0,0,,
2022-08-14 11:00:00,0.01,0.7,0.385,8.9,0.154,35,0.474,18,0,784.2,0,0,0,0,0,0,0,0,0,0,0,0,,
2022-08-14 12:00:00,0.016,0.7,0.384,8.9,0.155,34,0.475,19.2,-0.3,784.2,0,0,0,0,0,0,0,0,0,0,0,0,,
2022-08-14 13:00:00,0.012,0.7,0.384,8.9,0.155,34,0.476,21.2,0.4,784.2,0,0,0,0,0,0,0,0,0,0,0,0,,
2022-08-14 14:00:00,0.013,0.701,0.383,8.9,0.154,34,0.475,22.3,1,784.2,0,0,0,0,0,0,0,0,0,0,0,0,,
2022-08-14 15:00:00,0.016,0.7,0.38,8.8,0.153,33,0.474,22.8,0.8,784.2,0,0,0,0,0,0,0,0,0,0,0,0,,
2022-08-14 16:00:00,0.027,0.7,0.377,8.7,0.151,34,0.471,20.9,0.9,784.2,0,0,0,0,0,0,0,0,0,0,0,0,,
2022-08-14 17:00:00,0.034,0.7,0.374,8.6,0.149,34,0.468,19.9,0.8,784.2,0,0,0,0,0,0,0,0,0,0,0,0,,
2022-08-14 18:00:00,0.014,0.7,0.371,8.5,0.147,35,0.465,19.2,-0.1,784.2,0,0,0,0,0,0,0,0,0,0,0,0,,
2022-08-14 19:00:00,0.023,0.7,0.368,8.3,0.144,35,0.462,18.4,1.1,784.2,0,0,0,0,0,0,0,0,0,0,0,0,,
2022-08-14 20:00:00,0.018,0.7,0.366,8.2,0.143,35,0.46,17.9,0.7,784.2,0,0,0,0,0,0,0,0,0,0,0,0,,
2022-08-14 21:00:00,0.02,0.7,0.363,8.2,0.141,36,0.458,17.5,2.4,784.2,0,0,0,0,0,0,0,0,0,0,0,0,,
2022-08-14 22:00:00,0.023,0.7,0.363,8.2,0.141,35,0.457,17.4,-1.5,784.2,0,0,0,0,0,0,0,0,0,0,0,0,,
2022-08-14 23:00:00,0.018,0.7,0.364,8.2,0.141,34,0.457,17.2,-0.6,784.2,0,0,0,0,0,0,0,0,0,0,0,0,,
2022-08-15 00:00:00,0.013,0.7,0.4,8.2,0.1,35,0.457,17,-1.2,784.2,0,0,0,0,0,0,0,0,0,0,0,0,,
2022-08-15 01:00:00,0.017,0.7,58.7,8.2,6.3,35,0.458,16.4,-0.2,783.1,0,0,0,0,0,0,0,0,0,0,0,0,,
2022-08-15 02:00:00,0.023,0.7,58.9,8.2,6.4,36,0.459,16.4,0.8,783.1,0,0,0,0,0,0,0,0,0,0,0,0,,
2022-08-15 03:00:00,0.033,0.7,59.1,8.3,6.4,37,0.46,16,-1.7,783.1,0,0,0,0,0,0,0,0,0,0,0,0,,
2022-08-15 04:00:00,0.014,0.7,59.3,8.4,6.4,37,0.461,15.9,0,783.1,0,0,0,0,0,0,0,0,0,0,0,0,,
2022-08-15 05:00:00,0.011,0.7,59.6,8.4,6.5,38,0.463,16,-0.3,783.1,0,0,0,0,0,0,0,0,0,0,0,0,,
2022-08-15 06:00:00,0.014,0.7,59.8,8.5,6.6,38,0.464,15.9,-0.6,783.1,0,0,0,0,0,0,0,0,0,0,0,0,,
2022-08-15 07:00:00,0.014,0.701,60,8.5,6.6,38,0.465,15.9,-0.3,783.1,0,0,0,0,0,0,0,0,0,0,0,0,,
2022-08-15 08:00:00,0.016,0.7,60.4,8.6,6.7,39,0.467,16.6,-1.2,783.1,0,0,0,0,0,0,0,0,0,0,0,0,,
2022-08-15 09:00:00,0.023,0.7,60.5,8.6,6.7,38,0.468,17.8,-0.7,783.1,0,0,0,0,0,0,0,0,0,0,0,0,,
2022-08-15 10:00:00,0.033,0.7,60.7,8.7,6.7,37,0.47,19.1,-0.5,783.1,0,0,0,0,0,0,0,0,0,0,0,0,,
2022-08-15 11:00:00,0.035,0.7,61,8.7,6.8,37,0.471,20.7,-1.4,783.1,0,0,0,0,0,0,0,0,0,0,0,0,,
2022-08-15 12:00:00,0.044,0.7,60.9,8.7,6.7,36,0.471,22,-2.5,783.1,0,0,0,0,0,0,0,0,0,0,0,0,,
2022-08-15 13:00:00,0.035,0.7,60.8,8.7,6.7,36,0.471,21.9,-0.8,783.1,0,0,0,0,0,0,0,0,0,0,0,0,,
2022-08-15 14:00:00,0.037,0.7,60.5,8.6,6.7,35,0.47,24.1,-1.4,783.1,0,0,0,0,0,0,0,0,0,0,0,0,,
2022-08-15 15:00:00,0.03,0.7,59.9,8.5,6.6,35,0.468,23.7,-2.5,783.1,0,0,0,0,0,0,0,0,0,0,0,0,,
2022-08-15 16:00:00,0.025,0.7,59.2,8.4,6.5,35,0.465,24.1,1,783.1,0,0,0,0,0,0,0,0,0,0,0,0,,
2022-08-15 17:00:00,0.015,0.7,58.4,8.2,6.3,35,0.46,23.6,-1.9,783.1,0,0,0,0,0,0,0,0,0,0,0,0,,
2022-08-15 18:00:00,0.017,0.7,57.9,8,6.2,35,0.456,21.5,-0.8,783.1,0,0,0,0,0,0,0,0,0,0,0,0,,
2022-08-15 19:00:00,0.017,0.7,57.3,7.9,6.1,35,0.452,20.5,-0.6,783.1,0,0,0,0,0,0,0,0,0,0,0,0,,
2022-08-15 20:00:00,0.018,0.7,56.8,7.8,6,36,0.448,19.7,-0.6,783.1,0,0,0,0,0,0,0,0,0,0,0,0,,
2022-08-15 21:00:00,0.016,0.7,56.4,7.7,5.9,35,0.446,19.3,-1.5,783.1,0,0,0,0,0,0,0,0,0,0,0,0,,
2022-08-15 22:00:00,0.012,0.7,56,7.6,5.9,34,0.443,19.2,0.6,783.1,0,0,0,0,0,0,0,0,0,0,0,0,,
2022-08-15 23:00:00,0.02,0.7,55.9,7.6,5.8,35,0.442,18.9,0,783.1,0,0,0,0,0,0,0,0,0,0,0,0,,
2022-08-16 00:00:00,0.011,0.7,55.9,7.6,5.8,32,0.442,18.6,-2.8,783.1,0,0,0,0,0,0,0,0,0,0,0,0,,
2022-08-16 01:00:00,0.015,0.7,56,7.6,5.8,32,0.442,18.2,0.7,781.8,0,0,0,0,0,0,0,0,0,0,0,0,,
2022-08-16 02:00:00,0.012,0.7,56,7.6,5.8,32,0.443,17.7,-2.7,781.8,0,0,0,0,0,0,0,0,0,0,0,0,,
2022-08-16 03:00:00,0.013,0.701,56.2,7.6,5.9,33,0.443,17.4,0.1,781.8,0,0,0,0,0,0,0,0,0,0,0,0,,
2022-08-16 04:00:00,0.007,0.702,56.4,7.7,5.9,33,0.444,17.2,0.9,781.8,0,0,0,0,0,0,0,0,0,0,0,0,,
2022-08-16 05:00:00,0.014,0.701,56.5,7.7,5.9,33,0.446,17.1,-0.6,781.8,0,0,0,0,0,0,0,0,0,0,0,0,,
2022-08-16 06:00:00,0.012,0.701,56.8,7.8,6,34,0.447,16.7,1.1,781.8,0,0,0,0,0,0,0,0,0,0,0,0,,
2022-08-16 07:00:00,0.009,0.7,57.1,7.9,6.1,34,0.449,16.5,2.4,781.8,0,0,0,0,0,0,0,0,0,0,0,0,,
2022-08-16 08:00:00,0.009,0.7,57.2,7.9,6.1,35,0.45,16.9,0.2,781.8,0,0,0,0,0,0,0,0,0,0,0,0,,
2022-08-16 09:00:00,0.009,0.7,57.6,7.9,6.1,34,0.452,18.1,-0.8,781.8,0,0,0,0,0,0,0,0,0,0,0,0,,
2022-08-16 10:00:00,0.012,0.701,57.8,8,6.2,34,0.454,19.1,1.6,781.8,0,0,0,0,0,0,0,0,0,0,0,0,,
2022-08-16 11:00:00,0.017,0.701,58.1,8.1,6.2,34,0.455,20.5,0.6,781.8,0,0,0,0,0,0,0,0,0,0,0,0,,
2022-08-16 12:00:00,0.013,0.7,58,8.1,6.2,32,0.456,23.2,-4.3,781.8,0,0,0,0,0,0,0,0,0,0,0,0,,
2022-08-16 13:00:00,0.018,0.7,57.9,8,6.2,31,0.456,24.4,0.3,781.8,0,0,0,0,0,0,0,0,0,0,0,0,,
2022-08-16 14:00:00,0.014,0.701,57.4,7.9,6.1,31,0.454,25.4,-1.4,781.8,0,0,0,0,0,0,0,0,0,0,0,0,,
2022-08-16 15:00:00,0.026,0.7,0.353,7.8,6,30,0.451,25.5,-4.4,781.8,0,0,0,0,0,0,0,0,0,0,0,0,,
2022-08-16 16:00:00,0.023,0.7,0.349,7.6,5.9,30,0.446,25.3,-0.3,781.8,0,0,0,0,0,0,0,0,0,0,0,0,,
2022-08-16 17:00:00,0.027,0.7,0.344,7.5,5.7,29,0.441,24.8,-0.9,781.8,0,0,0,0,0,0,0,0,0,0,0,0,,
2022-08-16 18:00:00,0.021,0.7,0.339,7.3,5.6,30,0.436,23.6,-0.3,781.8,0,0,0,0,0,0,0,0,0,0,0,0,,
2022-08-16 19:00:00,0.023,0.7,0.335,7.2,5.5,29,0.431,22.6,1.9,781.8,0,0,0,0,0,0,0,0,0,0,0,0,,
2022-08-16 20:00:00,0.027,0.7,0.332,7,5.4,29,0.427,21.8,-1.2,781.8,0,0,0,0,0,0,0,0,0,0,0,0,,
2022-08-16 21:00:00,0.027,0.701,0.33,7,5.3,31,0.423,19.8,0.8,781.8,0,0,0,0,0,0,0,0,0,0,0,0,,
2022-08-16 22:00:00,0.029,0.7,0.328,6.9,5.3,29,0.421,20.5,3,781.8,0,0,0,0,0,0,0,0,0,0,0,0,,
2022-08-16 23:00:00,0.014,0.7,0.327,6.9,5.2,28,0.419,19.7,-1.7,781.8,0,0,0,0,0,0,0,0,0,0,0,0,,
2022-08-17 00:00:00,0.022,0.7,0.327,6.9,5.2,28,0.419,18.8,-2.4,781.8,0,0,0,0,0,0,0,0,0,0,0,0,,
2022-08-17 01:00:00,0.017,0.7,0.327,6.9,5.3,28,0.419,18.1,-1.2,782.1,0,0,0,0,0,0,0,0,0,0,0,0,,
2022-08-17 02:00:00,0.017,0.7,0.328,6.9,5.3,29,0.421,17,1.5,782.1,0,0,0,0,0,0,0,0,0,0,0,0,,
2022-08-17 03:00:00,0.023,0.7,0.33,7,5.3,29,0.422,16.7,0.2,782.1,0,0,0,0,0,0,0,0,0,0,0,0,,
2022-08-17 04:00:00,0.021,0.7,0.332,7,5.4,30,0.424,16.5,-1.1,782.1,0,0,0,0,0,0,0,0,0,0,0,0,,
2022-08-17 05:00:00,0.012,0.701,0.334,7.1,5.5,30,0.427,16.1,0,782.1,0,0,0,0,0,0,0,0,0,0,0,0,,
2022-08-17 06:00:00,0.011,0.701,0.336,7.2,5.5,30,0.429,15.7,0,782.1,0,0,0,0,0,0,0,0,0,0,0,0,,
2022-08-17 07:00:00,0.013,0.701,0.339,7.3,5.6,31,0.432,15.6,0.6,782.1,0,0,0,0,0,0,0,0,0,0,0,0,,
2022-08-17 08:00:00,0.016,0.7,0.341,7.4,5.6,32,0.434,15.4,-1.5,782.1,0,0,0,0,0,0,0,0,0,0,0,0,,
2022-08-17 09:00:00,0.02,0.7,0.344,7.5,5.7,32,0.437,15.5,-0.4,782.1,0,0,0,0,0,0,0,0,0,0,0,0,,
2022-08-17 10:00:00,0.018,0.7,0.347,7.6,5.8,33,0.439,15.6,0.9,782.1,0,0,0,0,0,0,0,0,0,0,0,0,,
2022-08-17 11:00:00,0.019,0.7,0.349,7.6,5.9,33,0.442,16.2,-0.7,782.1,0,0,0,0,0,0,0,0,0,0,0,0,,
2022-08-17 12:00:00,0.021,0.7,0.352,7.7,5.9,33,0.444,16.3,-2.8,782.1,0,0,0,0,0,0,0,0,0,0,0,0,,
2022-08-17 13:00:00,0.024,0.701,0.353,7.8,6,33,0.447,16.7,-1.1,782.1,0,0,0,0,0,0,0,0,0,0,0,0,,
2022-08-17 14:00:00,0.026,0.7,0.355,7.9,6.1,32,0.449,18.8,-3.2,782.1,0,0,0,0,0,0,0,0,0,0,0,0,,
2022-08-17 15:00:00,0.036,0.7,0.355,7.9,6.1,31,0.451,20.6,-2.9,782.1,0,0,0,0,0,0,0,0,0,0,0,0,,
2022-08-17 16:00:00,0.046,0.7,0.357,7.9,6.1,31,0.452,20.5,1.6,782.1,0,0,0,0,0,0,0,0,0,0,0,0,,
2022-08-17 17:00:00,0.017,0.701,0.357,7.9,6.1,27,0.452,21.7,-1.2,782.1,0,0,0,0,0,0,0,0,0,0,0,0,,
2022-08-17 18:00:00,0.019,0.7,0.355,7.9,6.1,26,0.451,21.6,-0.1,782.1,0,0,0,0,0,0,0,0,0,0,0,0,,
2022-08-17 19:00:00,0.026,0.7,0.355,7.9,6.1,29,0.451,20.2,0.4,782.1,0,0,0,0,0,0,0,0,0,0,0,0,,
2022-08-17 20:00:00,0.044,0.7,0.355,7.9,6.1,30,0.451,19.8,0.1,782.1,0,0,0,0,0,0,0,0,0,0,0,0,,
2022-08-17 21:00:00,0.091,0.7,0.352,7.8,6,27,0.45,19.6,0.8,782.1,0,0,0,0,0,0,0,0,0,0,0,0,,
2022-08-17 22:00:00,0.057,0.7,0.352,7.8,6,27,0.449,17.9,-0.7,782.1,0,0,0,0,0,0,0,0,0,0,0,0,,
2022-08-17 23:00:00,0.019,0.701,0.355,7.9,6,28,0.448,16.7,-3.7,782.1,0,0,0,0,0,0,0,0,0,0,0,0,,
2022-08-18 00:00:00,0.015,0.7,0.356,7.9,6.1,28,0.449,16.2,-0.4,782.1,0,0,0,0,0,0,0,0,0,0,0,0,,
2022-08-18 01:00:00,0.014,0.7,0.357,7.9,6.1,28,0.45,15.3,-3,780.8,0,0,0,0,0,0,0,0,0,0,0,0,,
2022-08-18 02:00:00,0.012,0.7,0.358,8,6.1,28,0.451,14.8,-1.4,780.8,0,0,0,0,0,0,0,0,0,0,0,0,,
2022-08-18 03:00:00,0.012,0.7,0.361,8.1,6.2,29,0.453,14.2,0.9,780.8,0,0,0,0,0,0,0,0,0,0,0,0,,
2022-08-18 04:00:00,0.016,0.7,0.364,8.2,6.3,30,0.455,13.8,-1.9,780.8,0,0,0,0,0,0,0,0,0,0,0,0,,
2022-08-18 05:00:00,0.031,0.7,0.366,8.3,6.4,29,0.458,12.9,-2.6,780.8,0,0,0,0,0,0,0,0,0,0,0,0,,
2022-08-18 06:00:00,0.018,0.7,0.371,8.4,6.5,30,0.461,12.2,0.7,780.8,0,0,0,0,0,0,0,0,0,0,0,0,,
2022-08-18 07:00:00,0.033,0.7,0.374,8.5,6.6,31,0.464,11.8,1.2,780.8,0,0,0,0,0,0,0,0,0,0,0,0,,
2022-08-18 08:00:00,0.038,0.7,0.377,8.7,6.7,31,0.468,14.7,0.4,780.8,0,0,0,0,0,0,0,0,0,0,0,0,,
2022-08-18 09:00:00,0.026,0.7,0.38,8.8,6.8,30,0.472,18.8,0.7,780.8,0,0,0,0,0,0,0,0,0,0,0,0,,
2022-08-18 10:00:00,0.032,0.701,0.383,8.9,6.9,31,0.474,18.1,1.2,780.8,0,0,0,0,0,0,0,0,0,0,0,0,,
2022-08-18 11:00:00,0.024,0.701,0.387,9,7,31,0.477,20,-0.7,780.8,0,0,0,0,0,0,0,0,0,0,0,0,,
2022-08-18 12:00:00,0.016,0.7,0.388,9,7,30,0.477,21.3,-1.3,780.8,0,0,0,0,0,0,0,0,0,0,0,0,,
2022-08-18 13:00:00,0.012,0.7,0.387,9,7,28,0.477,22.4,-0.5,780.8,0,0,0,0,0,0,0,0,0,0,0,0,,
2022-08-18 14:00:00,0.011,0.7,0.383,8.9,6.9,24,0.476,24.4,-1.1,780.8,0,0,0,0,0,0,0,0,0,0,0,0,,
2022-08-18 15:00:00,0.01,0.7,0.378,8.7,6.7,22,0.471,25.4,-2.6,780.8,0,0,0,0,0,0,0,0,0,0,0,0,,
2022-08-18 16:00:00,0.009,0.7,0.371,8.4,6.5,21,0.466,25.9,-0.8,780.8,0,0,0,0,0,0,0,0,0,0,0,0,,
2022-08-18 17:00:00,0.015,0.7,0.362,8.1,6.3,20,0.458,26.2,-0.2,780.8,0,0,0,0,0,0,0,0,0,0,0,0,,
2022-08-18 18:00:00,0.018,0.7,0.355,7.9,6.1,20,0.452,25.6,-1.2,780.8,0,0,0,0,0,0,0,0,0,0,0,0,,
2022-08-18 19:00:00,0.032,0.7,0.349,7.6,5.9,20,0.445,24.1,-0.2,780.8,0,0,0,0,0,0,0,0,0,0,0,0,,
2022-08-18 20:00:00,0.031,0.7,0.344,7.5,5.7,21,0.44,22,-0.3,780.8,0,0,0,0,0,0,0,0,0,0,0,0,,
2022-08-18 21:00:00,0.061,0.7,0.339,7.3,5.6,22,0.435,20.7,0.4,780.8,0,0,0,0,0,0,0,0,0,0,0,0,,
2022-08-18 22:00:00,0.034,0.7,0.336,7.2,5.5,22,0.431,19.7,-1.1,780.8,0,0,0,0,0,0,0,0,0,0,0,0,,
2022-08-18 23:00:00,0.018,0.7,0.335,7.2,5.5,24,0.429,18.1,0.3,780.8,0,0,0,0,0,0,0,0,0,0,0,0,,
2022-08-19 00:00:00,0.014,0.7,0.335,7.1,5.5,25,0.427,17,-1.6,780.8,0,0,0,0,0,0,0,0,0,0,0,0,,
2022-08-19 01:00:00,0.01,0.7,0.336,7.2,5.5,26,0.427,16.1,0.4,779.5,0,0,0,0,0,0,0,0,0,0,0,0,,
2022-08-19 02:00:00,0.011,0.7,0.337,7.2,5.5,26,0.428,15.3,1,779.5,0,0,0,0,0,0,0,0,0,0,0,0,,
2022-08-19 03:00:00,0.008,0.7,0.338,7.2,5.5,27,0.43,14.7,-0.8,779.5,0,0,0,0,0,0,0,0,0,0,0,0,,
2022-08-19 04:00:00,0.01,0.7,0.341,7.3,5.6,27,0.432,14.2,-2.5,779.5,0,0,0,0,0,0,0,0,0,0,0,0,,
2022-08-19 05:00:00,0.014,0.7,0.344,7.4,5.7,27,0.435,13.5,2.3,779.5,0,0,0,0,0,0,0,0,0,0,0,0,,
2022-08-19 06:00:00,0.04,0.7,0.347,7.6,5.8,28,0.438,13.2,0.1,779.5,0,0,0,0,0,0,0,0,0,0,0,0,,
2022-08-19 07:00:00,0.025,0.7,0.35,7.7,5.9,28,0.442,12.8,1.3,779.5,0,0,0,0,0,0,0,0,0,0,0,0,,
2022-08-19 08:00:00,0.032,0.7,0.354,7.8,6,28,0.447,15.3,0.9,779.5,0,0,0,0,0,0,0,0,0,0,0,0,,
2022-08-19 09:00:00,0.055,0.7,0.357,7.9,6.1,28,0.452,18.5,1.2,779.5,0,0,0,0,0,0,0,0,0,0,0,0,,
2022-08-19 10:00:00,0.068,0.7,0.36,8,6.2,28,0.455,21.2,1.2,779.5,0,0,0,0,0,0,0,0,0,0,0,0,,
2022-08-19 11:00:00,0.049,0.7,0.364,8.1,6.3,25,0.459,23.1,0.5,779.5,0,0,0,0,0,0,0,0,0,0,0,0,,
2022-08-19 12:00:00,0.026,0.7,0.366,8.2,6.3,21,0.46,23.9,0.5,779.5,0,0,0,0,0,0,0,0,0,0,0,0,,
2022-08-19 13:00:00,0.03,0.7,0.365,8.2,6.3,21,0.461,25.7,-2,779.5,0,0,0,0,0,0,0,0,0,0,0,0,,
2022-08-19 14:00:00,0.025,0.7,0.361,8.1,6.2,21,0.458,26.6,1.1,779.5,0,0,0,0,0,0,0,0,0,0,0,0,,
2022-08-19 15:00:00,0.018,0.701,0.356,7.9,6.1,20,0.453,27.5,0.5,779.5,0,0,0,0,0,0,0,0,0,0,0,0,,
2022-08-19 16:00:00,0.012,0.7,0.349,7.6,5.9,20,0.446,28.6,-0.8,779.5,0,0,0,0,0,0,0,0,0,0,0,0,,
2022-08-19 17:00:00,0.018,0.7,0.342,7.4,5.6,19,0.438,28.1,0.6,779.5,0,0,0,0,0,0,0,0,0,0,0,0,,
2022-08-19 18:00:00,0.021,0.7,0.335,7.2,5.5,20,0.43,26.2,0.3,779.5,0,0,0,0,0,0,0,0,0,0,0,0,,
2022-08-19 19:00:00,0.033,0.7,0.328,7,5.3,20,0.424,24.1,1.5,779.5,0,0,0,0,0,0,0,0,0,0,0,0,,
2022-08-19 20:00:00,0.043,0.7,0.323,6.8,5.2,21,0.419,22.8,-0.3,779.5,0,0,0,0,0,0,0,0,0,0,0,0,,
2022-08-19 21:00:00,0.043,0.7,0.3,6.7,5.1,21,0.413,21.4,-0.5,779.5,0,0,0,0,0,0,0,0,0,0,0,0,,
2022-08-19 22:00:00,0.02,0.7,51.2,6.6,5,21,0.41,20.2,1.4,779.5,0,0,0,0,0,0,0,0,0,0,0,0,,
2022-08-19 23:00:00,0.014,0.7,51.1,6.5,5,23,0.408,19,-0.3,779.5,0,0,0,0,0,0,0,0,0,0,0,0,,
2022-08-20 00:00:00,0.008,0.7,51.1,6.5,5,24,0.407,18.1,1.8,779.5,0,0,0,0,0,0,0,0,0,0,0,0,,
2022-08-20 01:00:00,0.006,0.702,51.2,6.6,5,25,0.407,17.1,2.7,779.4,0,0,0,0,0,0,0,0,0,0,0,0,,
2022-08-20 02:00:00,0.008,0.7,51.4,6.6,5,25,0.408,16.4,0.1,779.4,0,0,0,0,0,0,0,0,0,0,0,0,,
2022-08-20 03:00:00,0.009,0.7,51.7,6.6,5,25,0.41,15.8,-1.4,779.4,0,0,0,0,0,0,0,0,0,0,0,0,,
2022-08-20 04:00:00,0.011,0.7,52.1,6.7,5.1,25,0.413,15.6,-0.2,779.4,0,0,0,0,0,0,0,0,0,0,0,0,,
2022-08-20 05:00:00,0.012,0.702,52.6,6.9,5.2,26,0.416,14.9,2.2,779.4,0,0,0,0,0,0,0,0,0,0,0,0,,
2022-08-20 06:00:00,0.011,0.7,53,6.9,5.3,26,0.42,14.4,-1.5,779.4,0,0,0,0,0,0,0,0,0,0,0,0,,
2022-08-20 07:00:00,0.018,0.7,53.6,7.1,5.4,27,0.424,13.8,-1.4,779.4,0,0,0,0,0,0,0,0,0,0,0,0,,
2022-08-20 08:00:00,0.029,0.7,54.2,7.2,5.5,26,0.43,16.2,-1.6,779.4,0,0,0,0,0,0,0,0,0,0,0,0,,
2022-08-20 09:00:00,0.038,0.701,54.8,7.3,5.6,25,0.435,21.2,0.6,779.4,0,0,0,0,0,0,0,0,0,0,0,0,,
2022-08-20 10:00:00,0.017,0.7,55.5,7.5,5.7,24,0.44,23.6,0.7,779.4,0,0,0,0,0,0,0,0,0,0,0,0,,
2022-08-20 11:00:00,0.024,0.7,56,7.5,5.8,23,0.443,25.1,1,779.4,0,0,0,0,0,0,0,0,0,0,0,0,,
2022-08-20 12:00:00,0.026,0.7,56,7.6,5.8,22,0.444,26.8,-3,779.4,0,0,0,0,0,0,0,0,0,0,0,0,,
2022-08-20 13:00:00,0.035,0.7,55.7,7.5,5.8,22,0.444,28.2,1.5,779.4,0,0,0,0,0,0,0,0,0,0,0,0,,
2022-08-20 14:00:00,0.032,0.699,55,7.4,5.7,21,0.44,28.5,-1.9,779.4,0,0,0,0,0,0,0,0,0,0,0,0,,
2022-08-20 15:00:00,0.023,0.7,54.1,7.2,5.5,21,0.435,28.9,0.2,779.4,0,0,0,0,0,0,0,0,0,0,0,0,,
2022-08-20 16:00:00,0.017,0.7,53.1,7,5.4,20,0.429,29,-0.7,779.4,0,0,0,0,0,0,0,0,0,0,0,0,,
2022-08-20 17:00:00,0.019,0.7,52.2,6.8,5.2,20,0.422,28.1,1.3,779.4,0,0,0,0,0,0,0,0,0,0,0,0,,
2022-08-20 18:00:00,0.025,0.7,51.3,6.6,5.1,21,0.415,26.6,-0.6,779.4,0,0,0,0,0,0,0,0,0,0,0,0,,
2022-08-20 19:00:00,0.021,0.7,50.6,6.5,4.9,22,0.408,25.3,0.4,779.4,0,0,0,0,0,0,0,0,0,0,0,0,,
2022-08-20 20:00:00,0.018,0.7,50,6.3,4.8,23,0.404,24,-1.2,779.4,0,0,0,0,0,0,0,0,0,0,0,0,,
2022-08-20 21:00:00,0.022,0.7,49.4,6.2,4.7,22,0.399,22.4,-3.1,779.4,0,0,0,0,0,0,0,0,0,0,0,0,,
2022-08-20 22:00:00,0.02,0.7,49.2,6.1,4.7,22,0.396,21.3,1.3,779.4,0,0,0,0,0,0,0,0,0,0,0,0,,
2022-08-20 23:00:00,0.015,0.7,48.9,6.1,4.6,22,0.393,20.4,0.7,779.4,0,0,0,0,0,0,0,0,0,0,0,0,,
2022-08-21 00:00:00,0.012,0.7,48.8,6.1,4.6,22,0.393,19.7,-0.4,779.4,0,0,0,0,0,0,0,0,0,0,0,0,,
2022-08-21 01:00:00,0.018,0.7,49,6.1,4.6,22,0.393,18.7,-1.2,778.5,0,0,0,0,0,0,0,0,0,0,0,0,,
2022-08-21 02:00:00,0.008,0.7,49.1,6.1,4.7,22,0.394,17.8,-0.9,778.5,0,0,0,0,0,0,0,0,0,0,0,0,,
2022-08-21 03:00:00,0.007,0.703,49.5,6.2,4.7,23,0.396,17.3,-0.4,778.5,0,0,0,0,0,0,0,0,0,0,0,0,,
2022-08-21 04:00:00,0.011,0.702,50.1,6.3,4.8,24,0.398,16.6,-0.4,778.5,0,0,0,0,0,0,0,0,0,0,0,0,,
2022-08-21 05:00:00,0.011,0.701,50.5,6.4,4.9,24,0.401,15.9,2.2,778.5,0,0,0,0,0,0,0,0,0,0,0,0,,
2022-08-21 06:00:00,0.015,0.7,51,6.5,4.9,25,0.404,15.4,0,778.5,0,0,0,0,0,0,0,0,0,0,0,0,,
2022-08-21 07:00:00,0.017,0.7,51.6,6.6,5,25,0.408,14.9,0.8,778.5,0,0,0,0,0,0,0,0,0,0,0,0,,
2022-08-21 08:00:00,0.03,0.7,52,6.7,5.1,25,0.413,17.6,-2.1,778.5,0,0,0,0,0,0,0,0,0,0,0,0,,
2022-08-21 09:00:00,0.034,0.7,52.5,6.8,5.2,25,0.419,21.7,-1.3,778.5,0,0,0,0,0,0,0,0,0,0,0,0,,
2022-08-21 10:00:00,0.014,0.7,53.1,6.9,5.3,24,0.423,24.2,1,778.5,0,0,0,0,0,0,0,0,0,0,0,0,,
2022-08-21 11:00:00,0.01,0.701,53.5,7,5.3,24,0.426,25.7,1.4,778.5,0,0,0,0,0,0,0,0,0,0,0,0,,
2022-08-21 12:00:00,0.008,0.7,0.333,7,0.12,22,0.428,26.9,0.6,778.5,0,0,0,0,0,0,0,0,0,0,0,0,,
2022-08-21 13:00:00,0.008,0.7,0.332,7,0.12,21,0.428,27.6,1.7,778.5,0,0,0,0,0,0,0,0,0,0,0,0,,
2022-08-21 14:00:00,0.01,0.7,0.328,6.9,0.118,20,0.424,28.7,0.1,778.5,0,0,0,0,0,0,0,0,0,0,0,0,,
2022-08-21 15:00:00,0.009,0.7,0.324,6.7,0.115,20,0.419,28,-2.2,778.5,0,0,0,0,0,0,0,0,0,0,0,0,,
2022-08-21 16:00:00,0.009,0.7,0.318,6.6,0.112,20,0.412,27.4,1,778.5,0,0,0,0,0,0,0,0,0,0,0,0,,
2022-08-21 17:00:00,0.009,0.7,0.313,6.4,0.109,20,0.405,27.2,1.3,778.5,0,0,0,0,0,0,0,0,0,0,0,0,,
2022-08-21 18:00:00,0.019,0.701,0.307,6.2,0.106,22,0.399,24.8,1,778.5,0,0,0,0,0,0,0,0,0,0,0,0,,
2022-08-21 19:00:00,0.019,0.7,0.303,6.1,0.104,21,0.394,23.6,1.5,778.5,0,0,0,0,0,0,0,0,0,0,0,0,,
2022-08-21 20:00:00,0.023,0.7,0.3,6,0.102,21,0.389,22.5,-1.1,778.5,0,0,0,0,0,0,0,0,0,0,0,0,,
2022-08-21 21:00:00,0.023,0.7,0.298,5.9,0.101,22,0.386,21.8,1.2,778.5,0,0,0,0,0,0,0,0,0,0,0,0,,
2022-08-21 22:00:00,0.013,0.7,0.297,5.8,0.1,21,0.383,20.5,-1.1,778.5,0,0,0,0,0,0,0,0,0,0,0,0,,
2022-08-21 23:00:00,0.015,0.7,0.297,5.8,0.1,22,0.382,19.1,-0.4,778.5,0,0,0,0,0,0,0,0,0,0,0,0,,
2022-08-22 00:00:00,0.015,0.7,0.297,5.9,0.1,22,0.383,18.1,-1.2,778.5,0,0,0,0,0,0,0,0,0,0,0,0,,
2022-08-22 01:00:00,0.01,0.7,0.299,5.9,0.1,23,0.384,17.2,1.6,782,0,0,0,0,0,0,0,0,0,0,0,0,,
2022-08-22 02:00:00,0.008,0.7,0.302,6,0.101,23,0.386,16.4,-0.3,782,0,0,0,0,0,0,0,0,0,0,0,0,,
2022-08-22 03:00:00,0.008,0.701,0.304,6.1,0.103,24,0.388,16.3,-1.5,782,0,0,0,0,0,0,0,0,0,0,0,0,,
2022-08-22 04:00:00,0.009,0.701,0.306,6.1,0.104,24,0.391,16.2,-0.3,782,0,0,0,0,0,0,0,0,0,0,0,0,,
2022-08-22 05:00:00,0.006,0.702,0.31,6.2,0.106,25,0.396,15.9,0.7,782,0,0,0,0,0,0,0,0,0,0,0,0,,
2022-08-22 06:00:00,0.013,0.701,0.313,6.4,0.108,25,0.399,15.7,0.3,782,0,0,0,0,0,0,0,0,0,0,0,0,,
2022-08-22 07:00:00,0.043,0.701,0.316,6.5,0.11,25,0.404,15.8,-1.8,782,0,0,0,0,0,0,0,0,0,0,0,0,,
2022-08-22 08:00:00,0.05,0.7,0.318,6.6,0.112,25,0.408,16.3,0.2,782,0,0,0,0,0,0,0,0,0,0,0,0,,
2022-08-22 09:00:00,0.025,0.701,0.323,6.7,0.114,26,0.412,17.8,-1,782,0,0,0,0,0,0,0,0,0,0,0,0,,
2022-08-22 10:00:00,0.016,0.7,0.326,6.8,0.116,25,0.417,19.9,0.7,782,0,0,0,0,0,0,0,0,0,0,0,0,,
2022-08-22 11:00:00,0.03,0.7,0.328,6.9,0.117,24,0.421,21.1,-0.6,782,0,0,0,0,0,0,0,0,0,0,0,0,,
2022-08-22 12:00:00,0.035,0.701,0.331,7,0.118,24,0.423,22.1,-1.1,782,0,0,0,0,0,0,0,0,0,0,0,0,,
2022-08-22 13:00:00,0.031,0.7,0.331,7,0.119,24,0.424,22.7,-0.5,782,0,0,0,0,0,0,0,0,0,0,0,0,,
2022-08-22 14:00:00,0.025,0.69,0.33,7,0.118,24,0.424,23.6,-0.7,782,0,0,0,0,0,0,0,0,0,0,0,0,,
2022-08-22 15:00:00,0.029,0.701,0.327,6.9,0.117,23,0.421,23.3,-0.9,782,0,0,0,0,0,0,0,0,0,0,0,0,,
2022-08-22 16:00:00,0.03,0.698,0.323,6.7,0.115,23,0.417,23.8,-0.8,782,0,0,0,0,0,0,0,0,0,0,0,0,,
2022-08-22 17:00:00,0.057,0.701,0.32,6.6,0.113,22,0.414,23.8,-2.6,782,0,0,0,0,0,0,0,0,0,0,0,0,,
2022-08-22 18:00:00,0.038,0.7,0.317,6.6,0.112,23,0.411,23.3,1.1,782,0,0,0,0,0,0,0,0,0,0,0,0,,
2022-08-22 19:00:00,0.036,0.7,0.316,6.5,0.111,23,0.408,22.6,0.9,782,0,0,0,0,0,0,0,0,0,0,0,0,,
2022-08-22 20:00:00,0.042,0.7,0.314,6.4,0.11,21,0.407,21.8,-1.2,782,0,0,0,0,0,0,0,0,0,0,0,0,,
2022-08-22 21:00:00,0.032,0.7,0.313,6.4,0.109,21,0.405,21,-0.5,782,0,0,0,0,0,0,0,0,0,0,0,0,,
2022-08-22 22:00:00,0.033,0.7,0.313,6.4,0.109,22,0.404,19.8,0.1,782,0,0,0,0,0,0,0,0,0,0,0,0,,
2022-08-22 23:00:00,0.017,0.701,0.315,6.4,0.109,23,0.403,18.8,0.4,782,0,0,0,0,0,0,0,0,0,0,0,0,,
2022-08-23 00:00:00,0.01,0.7,0.316,6.4,0.109,23,0.404,17.6,1.7,782,0,0,0,0,0,0,0,0,0,0,0,0,,
2022-08-23 01:00:00,0.008,0.7,0.317,6.5,0.111,23,0.405,16.5,0.7,784.7,0,0,0,0,0,0,0,0,0,0,0,0,,
2022-08-23 02:00:00,0.005,0.7,0.319,6.6,0.112,24,0.407,15.8,1.3,784.7,0,0,0,0,0,0,0,0,0,0,0,0,,
2022-08-23 03:00:00,0.005,0.702,0.321,6.6,0.113,24,0.409,15,0.3,784.7,0,0,0,0,0,0,0,0,0,0,0,0,,
2022-08-23 04:00:00,0.008,0.7,0.323,6.7,0.114,25,0.411,14.4,0.6,784.7,0,0,0,0,0,0,0,0,0,0,0,0,,
2022-08-23 05:00:00,0.008,0.7,0.327,6.8,0.116,25,0.415,14.1,3.2,784.7,0,0,0,0,0,0,0,0,0,0,0,0,,
2022-08-23 06:00:00,0.008,0.702,0.33,6.9,0.118,26,0.419,14.1,-0.9,784.7,0,0,0,0,0,0,0,0,0,0,0,0,,
2022-08-23 07:00:00,0.009,0.702,0.335,7.1,0.12,27,0.424,13.9,0.9,784.7,0,0,0,0,0,0,0,0,0,0,0,0,,
2022-08-23 08:00:00,0.014,0.7,0.337,7.2,0.123,27,0.428,14.5,1.5,784.7,0,0,0,0,0,0,0,0,0,0,0,0,,
2022-08-23 09:00:00,0.016,0.7,0.341,7.3,0.126,28,0.432,15.1,0.8,784.7,0,0,0,0,0,0,0,0,0,0,0,0,,
2022-08-23 10:00:00,0.013,0.7,0.345,7.5,0.128,28,0.437,16,-0.1,784.7,0,0,0,0,0,0,0,0,0,0,0,0,,
2022-08-23 11:00:00,0.016,0.702,0.348,7.6,0.13,28,0.44,16.7,-1.2,784.7,0,0,0,0,0,0,0,0,0,0,0,0,,
2022-08-23 12:00:00,0.013,0.7,0.352,7.7,0.132,28,0.444,17.3,2.3,784.7,0,0,0,0,0,0,0,0,0,0,0,0,,
2022-08-23 13:00:00,0.016,0.7,0.353,7.8,0.134,28,0.446,17.7,2.1,784.7,0,0,0,0,0,0,0,0,0,0,0,0,,
2022-08-23 14:00:00,0.02,0.7,0.355,7.8,0.134,28,0.448,18.5,-2.5,784.7,0,0,0,0,0,0,0,0,0,0,0,0,,
2022-08-23 15:00:00,0.013,0.7,0.356,7.9,0.135,28,0.449,19.3,-0.1,784.7,0,0,0,0,0,0,0,0,0,0,0,0,,
2022-08-23 16:00:00,0.022,0.7,0.357,7.9,0.136,28,0.451,20.3,1.8,784.7,0,0,0,0,0,0,0,0,0,0,0,0,,
2022-08-23 17:00:00,0.025,0.7,0.357,7.9,0.136,28,0.451,20.6,-0.2,784.7,0,0,0,0,0,0,0,0,0,0,0,0,,
2022-08-23 18:00:00,0.028,0.7,0.355,7.9,0.135,28,0.45,20.1,0.2,784.7,0,0,0,0,0,0,0,0,0,0,0,0,,
2022-08-23 19:00:00,0.034,0.7,0.355,7.8,0.135,29,0.449,19.8,1.5,784.7,0,0,0,0,0,0,0,0,0,0,0,0,,
2022-08-23 20:00:00,0.033,0.7,0.354,7.8,0.134,29,0.449,19.4,-2.4,784.7,0,0,0,0,0,0,0,0,0,0,0,0,,
2022-08-23 21:00:00,0.033,0.7,0.354,7.8,0.134,29,0.448,19,0.8,784.7,0,0,0,0,0,0,0,0,0,0,0,0,,
2022-08-23 22:00:00,0.039,0.7,0.355,7.8,0.134,29,0.448,18.7,-1.4,784.7,0,0,0,0,0,0,0,0,0,0,0,0,,
2022-08-23 23:00:00,0.021,0.701,0.355,7.8,0.134,27,0.448,18.7,1.3,784.7,0,0,0,0,0,0,0,0,0,0,0,0,,
2022-08-24 00:00:00,0.013,0.701,0.357,7.8,0.135,27,0.448,17.8,0.5,784.7,0,0,0,0,0,0,0,0,0,0,0,0,,
2022-08-24 01:00:00,0.012,0.7,0.357,7.9,0.136,28,0.449,16.7,-0.5,780.9,0,0,0,0,0,0,0,0,0,0,0,0,,
2022-08-24 02:00:00,0.008,0.701,0.357,7.9,0.136,29,0.449,15.8,-1.5,780.9,0,0,0,0,0,0,0,0,0,0,0,0,,
2022-08-24 03:00:00,0.008,0.7,0.357,7.9,0.137,29,0.45,15.2,1.3,780.9,0,0,0,0,0,0,0,0,0,0,0,0,,
2022-08-24 04:00:00,0.006,0.701,0.359,8,0.137,28,0.451,14.8,-0.6,780.9,0,0,0,0,0,0,0,0,0,0,0,0,,
2022-08-24 05:00:00,0.006,0.7,0.361,8.1,0.139,28,0.452,14.1,1.7,780.9,0,0,0,0,0,0,0,0,0,0,0,0,,
2022-08-24 06:00:00,0.006,0.701,0.363,8.1,0.14,29,0.455,13.8,0.1,780.9,0,0,0,0,0,0,0,0,0,0,0,0,,
2022-08-24 07:00:00,0.013,0.7,0.366,8.2,0.142,29,0.457,14.5,-0.3,780.9,0,0,0,0,0,0,0,0,0,0,0,0,,
2022-08-24 08:00:00,0.021,0.7,0.368,8.3,0.144,28,0.46,15.5,-1.3,780.9,0,0,0,0,0,0,0,0,0,0,0,0,,
2022-08-24 09:00:00,0.015,0.701,0.372,8.4,0.146,28,0.463,16,1.5,780.9,0,0,0,0,0,0,0,0,0,0,0,0,,
2022-08-24 10:00:00,0.022,0.7,0.374,8.5,0.148,27,0.466,17.3,-1.2,780.9,0,0,0,0,0,0,0,0,0,0,0,0,,
2022-08-24 11:00:00,0.023,0.7,0.376,8.6,0.149,28,0.468,18.2,-1.3,780.9,0,0,0,0,0,0,0,0,0,0,0,0,,
2022-08-24 12:00:00,0.029,0.7,0.377,8.7,0.15,27,0.469,19.4,-0.4,780.9,0,0,0,0,0,0,0,0,0,0,0,0,,
2022-08-24 13:00:00,0.02,0.7,0.377,8.7,0.15,26,0.47,20.5,-0.5,780.9,0,0,0,0,0,0,0,0,0,0,0,0,,
2022-08-24 14:00:00,0.021,0.7,0.377,8.7,0.15,26,0.47,21.5,-1.9,780.9,0,0,0,0,0,0,0,0,0,0,0,0,,
2022-08-24 15:00:00,0.025,0.7,0.375,8.6,0.149,25,0.469,22.4,1.3,780.9,0,0,0,0,0,0,0,0,0,0,0,0,,
2022-08-24 16:00:00,0.017,0.7,0.372,8.5,0.147,25,0.467,22.7,-0.6,780.9,0,0,0,0,0,0,0,0,0,0,0,0,,
2022-08-24 17:00:00,0.036,0.7,0.368,8.4,0.1,25,0.463,22.5,-2.1,780.9,0,0,0,0,0,0,0,0,0,0,0,0,,
2022-08-24 18:00:00,0.03,0.7,0.364,8.2,6.3,26,0.46,21.7,-0.1,780.9,0,0,0,0,0,0,0,0,0,0,0,0,,
2022-08-24 19:00:00,0.04,0.7,0.361,8.1,6.2,25,0.457,21.1,-2.2,780.9,0,0,0,0,0,0,0,0,0,0,0,0,,
2022-08-24 20:00:00,0.036,0.7,0.359,8,6.2,25,0.454,20.3,-0.4,780.9,0,0,0,0,0,0,0,0,0,0,0,0,,
2022-08-24 21:00:00,0.039,0.7,0.357,7.9,6.1,26,0.452,19.4,-1.6,780.9,0,0,0,0,0,0,0,0,0,0,0,0,,
2022-08-24 22:00:00,0.049,0.7,0.353,7.8,6,26,0.449,18.9,-0.4,780.9,0,0,0,0,0,0,0,0,0,0,0,0,,
2022-08-24 23:00:00,0.023,0.7,0.353,7.8,6,26,0.447,17.7,0.2,780.9,0,0,0,0,0,0,0,0,0,0,0,0,,
2022-08-25 00:00:00,0.027,0.7,0.353,7.8,6,27,0.447,16.8,1.2,780.9,0,0,0,0,0,0,0,0,0,0,0,0,,
2022-08-25 01:00:00,0.015,0.7,0.354,7.8,6,30,0.447,15.7,-0.4,781.5,0,0,0,0,0,0,0,0,0,0,0,0,,
2022-08-25 02:00:00,0.007,0.7,0.356,7.9,6.1,32,0.449,15.2,-0.6,781.5,0,0,0,0,0,0,0,0,0,0,0,0,,
2022-08-25 03:00:00,0.008,0.7,0.357,7.9,6.1,33,0.451,15.1,0.3,781.5,0,0,0,0,0,0,0,0,0,0,0,0,,
2022-08-25 04:00:00,0.01,0.701,0.36,8,6.2,33,0.452,15.1,1.3,781.5,0,0,0,0,0,0,0,0,0,0,0,0,,
2022-08-25 05:00:00,0.009,0.702,0.361,8.1,6.2,33,0.455,15.1,1.5,781.5,0,0,0,0,0,0,0,0,0,0,0,0,,
2022-08-25 06:00:00,0.011,0.701,0.364,8.2,6.3,32,0.457,14.8,0.8,781.5,0,0,0,0,0,0,0,0,0,0,0,0,,
2022-08-25 07:00:00,0.027,0.7,0.367,8.3,6.4,33,0.46,14.8,-1.2,781.5,0,0,0,0,0,0,0,0,0,0,0,0,,
2022-08-25 08:00:00,0.019,0.701,0.369,8.4,6.5,34,0.462,15,1.5,781.5,0,0,0,0,0,0,0,0,0,0,0,0,,
2022-08-25 09:00:00,0.038,0.7,0.371,8.5,6.6,33,0.463,15.3,1.2,781.5,0,0,0,0,0,0,0,0,0,0,0,0,,
2022-08-25 10:00:00,0.038,0.7,0.374,8.5,6.6,33,0.466,15.7,-0.5,781.5,0,0,0,0,0,0,0,0,0,0,0,0,,
2022-08-25 11:00:00,0.026,0.7,0.376,8.6,6.7,32,0.468,17,-2.1,781.5,0,0,0,0,0,0,0,0,0,0,0,0,,
2022-08-25 12:00:00,0.02,0.7,0.378,8.7,6.7,31,0.469,18.9,0.8,781.5,0,0,0,0,0,0,0,0,0,0,0,0,,
2022-08-25 13:00:00,0.019,0.7,0.379,8.7,6.7,30,0.471,20.3,-2.6,781.5,0,0,0,0,0,0,0,0,0,0,0,0,,
2022-08-25 14:00:00,0.015,0.7,0.378,8.7,6.7,30,0.471,20.3,-1.3,781.5,0,0,0,0,0,0,0,0,0,0,0,0,,
2022-08-25 15:00:00,0.021,0.7,0.378,8.7,6.8,31,0.471,20.2,-1.9,781.5,0,0,0,0,0,0,0,0,0,0,0,0,,
2022-08-25 16:00:00,0.02,0.7,0.377,8.7,6.7,31,0.47,20.3,-0.2,781.5,0,0,0,0,0,0,0,0,0,0,0,0,,
2022-08-25 17:00:00,0.038,0.7,0.375,8.6,6.7,30,0.469,20.4,0.2,781.5,0,0,0,0,0,0,0,0,0,0,0,0,,
2022-08-25 18:00:00,0.021,0.7,0.373,8.5,6.6,30,0.467,20,0.5,781.5,0,0,0,0,0,0,0,0,0,0,0,0,,
2022-08-25 19:00:00,0.03,0.7,0.371,8.5,6.6,30,0.465,19.6,1.4,781.5,0,0,0,0,0,0,0,0,0,0,0,0,,
2022-08-25 20:00:00,0.031,0.7,0.369,8.4,6.5,30,0.464,19.3,1.6,781.5,0,0,0,0,0,0,0,0,0,0,0,0,,
2022-08-25 21:00:00,0.06,0.701,0.367,8.4,6.5,31,0.463,18.9,2.6,781.5,0,0,0,0,0,0,0,0,0,0,0,0,,
2022-08-25 22:00:00,0.057,0.7,0.366,8.3,6.4,31,0.462,18.8,1.9,781.5,0,0,0,0,0,0,0,0,0,0,0,0,,
2022-08-25 23:00:00,0.019,0.7,0.367,8.3,6.4,31,0.462,18.4,-0.5,781.5,0,0,0,0,0,0,0,0,0,0,0,0,,
2022-08-26 00:00:00,0.018,0.7,0.368,8.3,6.4,32,0.462,17.7,-1.5,781.5,0,0,0,0,0,0,0,0,0,0,0,0,,
2022-08-26 01:00:00,0.014,0.7,0.369,8.4,6.5,32,0.462,17.2,1.5,779.6,0,0,0,0,0,0,0,0,0,0,0,0,,
2022-08-26 02:00:00,0.01,0.701,0.369,8.4,6.5,33,0.462,16.8,-2.5,779.6,0,0,0,0,0,0,0,0,0,0,0,0,,
2022-08-26 03:00:00,0.011,0.701,0.37,8.4,6.5,34,0.462,16.5,0.2,779.6,0,0,0,0,0,0,0,0,0,0,0,0,,
2022-08-26 04:00:00,0.017,0.701,0.371,8.4,6.5,35,0.463,16.3,2.2,779.6,0,0,0,0,0,0,0,0,0,0,0,0,,
2022-08-26 05:00:00,0.015,0.701,0.372,8.5,6.6,36,0.464,15.9,-2.2,779.6,0,0,0,0,0,0,0,0,0,0,0,0,,
2022-08-26 06:00:00,0.014,0.7,0.374,8.5,6.6,36,0.465,15.7,2.5,779.6,0,0,0,0,0,0,0,0,0,0,0,0,,
2022-08-26 07:00:00,0.017,0.7,0.375,8.6,6.7,36,0.466,15.5,-3.2,779.6,0,0,0,0,0,0,0,0,0,0,0,0,,
2022-08-26 08:00:00,0.014,0.7,0.377,8.6,6.7,36,0.468,15.8,-1.8,779.6,0,0,0,0,0,0,0,0,0,0,0,0,,
2022-08-26 09:00:00,0.015,0.7,0.379,8.7,6.7,36,0.469,16.4,-0.5,779.6,0,0,0,0,0,0,0,0,0,0,0,0,,
2022-08-26 10:00:00,0.013,0.7,0.38,8.7,6.8,35,0.47,17.1,0,779.6,0,0,0,0,0,0,0,0,0,0,0,0,,
2022-08-26 11:00:00,0.013,0.701,0.382,8.8,6.8,35,0.472,18.4,1.1,779.6,0,0,0,0,0,0,0,0,0,0,0,0,,
2022-08-26 12:00:00,0.014,0.7,0.382,8.8,6.9,34,0.473,19.3,-1.3,779.6,0,0,0,0,0,0,0,0,0,0,0,0,,
2022-08-26 13:00:00,0.012,0.701,0.382,8.8,6.9,34,0.473,20.4,-1.3,779.6,0,0,0,0,0,0,0,0,0,0,0,0,,
2022-08-26 14:00:00,0.012,0.701,0.381,8.8,6.8,33,0.473,22.3,-0.6,779.6,0,0,0,0,0,0,0,0,0,0,0,0,,
2022-08-26 15:00:00,0.013,0.701,0.379,8.7,6.8,32,0.473,24.5,-1.2,779.6,0,0,0,0,0,0,0,0,0,0,0,0,,
2022-08-26 16:00:00,0.01,0.701,0.375,8.6,6.7,32,0.469,23.4,1.7,779.6,0,0,0,0,0,0,0,0,0,0,0,0,,
2022-08-26 17:00:00,0.015,0.7,0.372,8.5,6.6,31,0.467,22.8,-0.6,779.6,0,0,0,0,0,0,0,0,0,0,0,0,,
2022-08-26 18:00:00,0.036,0.7,0.368,8.4,6.5,32,0.463,22,0.1,779.6,0,0,0,0,0,0,0,0,0,0,0,0,,
2022-08-26 19:00:00,0.023,0.7,0.364,8.2,6.4,35,0.459,19.7,0.2,779.6,0,0,0,0,0,0,0,0,0,0,0,0,,
2022-08-26 20:00:00,0.022,0.7,0.361,8.1,6.2,35,0.455,19.1,0.5,779.6,0,0,0,0,0,0,0,0,0,0,0,0,,
2022-08-26 21:00:00,0.024,0.7,0.357,7.9,6.1,35,0.452,18.8,-1.6,779.6,0,0,0,0,0,0,0,0,0,0,0,0,,
2022-08-26 22:00:00,0.022,0.7,0.355,7.9,6.1,33,0.45,18.6,-0.6,779.6,0,0,0,0,0,0,0,0,0,0,0,0,,
2022-08-26 23:00:00,0.016,0.701,0.354,7.8,6,31,0.449,18.3,1.1,779.6,0,0,0,0,0,0,0,0,0,0,0,0,,
2022-08-27 00:00:00,0.019,0.7,0.353,7.8,6,31,0.448,17.7,-2.4,779.6,0,0,0,0,0,0,0,0,0,0,0,0,,
2022-08-27 01:00:00,0.017,0.7,0.354,7.8,6,32,0.448,17.3,-0.7,779.8,0,0,0,0,0,0,0,0,0,0,0,0,,
2022-08-27 02:00:00,0.014,0.701,0.355,7.9,6.1,32,0.449,16.7,-1.2,779.8,0,0,0,0,0,0,0,0,0,0,0,0,,
2022-08-27 03:00:00,0.009,0.7,0.356,7.9,6.1,33,0.449,16.4,-0.4,779.8,0,0,0,0,0,0,0,0,0,0,0,0,,
2022-08-27 04:00:00,0.007,0.701,0.358,7.9,6.1,33,0.451,16.1,-1.8,779.8,0,0,0,0,0,0,0,0,0,0,0,0,,
2022-08-27 05:00:00,0.008,0.701,0.359,8,6.1,34,0.452,15.9,1.1,779.8,0,0,0,0,0,0,0,0,0,0,0,0,,
2022-08-27 06:00:00,0.009,0.7,0.361,8.1,6.2,34,0.454,15.8,-1.7,779.8,0,0,0,0,0,0,0,0,0,0,0,0,,
2022-08-27 07:00:00,0.012,0.7,0.363,8.1,6.3,34,0.455,15.8,3.8,779.8,0,0,0,0,0,0,0,0,0,0,0,0,,
2022-08-27 08:00:00,0.019,0.7,0.364,8.2,6.3,34,0.457,15.8,-1.5,779.8,0,0,0,0,0,0,0,0,0,0,0,0,,
2022-08-27 09:00:00,0.014,0.7,0.366,8.2,6.4,35,0.458,15.7,0.5,779.8,0,0,0,0,0,0,0,0,0,0,0,0,,
2022-08-27 10:00:00,0.013,0.7,0.368,8.3,6.4,34,0.46,15.9,-1.3,779.8,0,0,0,0,0,0,0,0,0,0,0,0,,
2022-08-27 11:00:00,0.017,0.7,0.371,8.4,6.5,34,0.462,16.4,-0.9,779.8,0,0,0,0,0,0,0,0,0,0,0,0,,
2022-08-27 12:00:00,0.014,0.701,0.372,8.4,6.5,34,0.463,16.8,-1.5,779.8,0,0,0,0,0,0,0,0,0,0,0,0,,
2022-08-27 13:00:00,0.01,0.7,0.374,8.5,6.6,34,0.465,17.2,-1.6,779.8,0,0,0,0,0,0,0,0,0,0,0,0,,
2022-08-27 14:00:00,0.015,0.7,0.374,8.5,6.6,33,0.466,17.8,0,779.8,0,0,0,0,0,0,0,0,0,0,0,0,,
2022-08-27 15:00:00,0.025,0.7,0.374,8.5,6.6,34,0.466,18.4,0.1,779.8,0,0,0,0,0,0,0,0,0,0,0,0,,
2022-08-27 16:00:00,0.033,0.7,0.374,8.5,6.6,36,0.466,17.8,-1.9,779.8,0,0,0,0,0,0,0,0,0,0,0,0,,
2022-08-27 17:00:00,0.029,0.701,0.372,8.5,6.6,36,0.467,18,1.9,779.8,0,0,0,0,0,0,0,0,0,0,0,0,,
2022-08-27 18:00:00,0.023,0.7,0.372,8.5,6.6,35,0.466,18,0,779.8,0,0,0,0,0,0,0,0,0,0,0,0,,
2022-08-27 19:00:00,0.024,0.7,0.373,8.5,6.6,36,0.466,17.2,2.5,779.8,0,0,0,0,0,0,0,0,0,0,0,0,,
2022-08-27 20:00:00,0.027,0.7,0.374,8.6,6.7,36,0.466,17,1.5,779.8,0,0,0,0,0,0,0,0,0,0,0,0,,
2022-08-27 21:00:00,0.032,0.7,0.374,8.6,6.7,36,0.466,16.9,1.2,779.8,0,0,0,0,0,0,0,0,0,0,0,0,,
2022-08-27 22:00:00,0.028,0.7,0.374,8.6,6.6,36,0.466,16.8,-0.7,779.8,0,0,0,0,0,0,0,0,0,0,0,0,,
2022-08-27 23:00:00,0.022,0.7,0.4,8.6,6.7,35,0.467,16.6,-1.2,779.8,0,0,0,0,0,0,0,0,0,0,0,0,,
2022-08-28 00:00:00,0.027,0.7,60.5,8.6,6.7,36,0.468,16.4,-0.8,779.8,0,0,0,0,0,0,0,0,0,0,0,0,,
2022-08-28 01:00:00,0.02,0.7,60.5,8.7,6.7,35,0.468,16.2,1.6,782.4,0,0,0,0,0,0,0,0,0,0,0,0,,
2022-08-28 02:00:00,0.02,0.7,60.7,8.7,6.7,35,0.469,16,0.5,782.4,0,0,0,0,0,0,0,0,0,0,0,0,,
2022-08-28 03:00:00,0.013,0.7,60.9,8.7,6.8,35,0.47,15.7,-0.4,782.4,0,0,0,0,0,0,0,0,0,0,0,0,,
2022-08-28 04:00:00,0.011,0.7,61.1,8.8,6.9,34,0.471,15.5,-3.1,782.4,0,0,0,0,0,0,0,0,0,0,0,0,,
2022-08-28 05:00:00,0.011,0.701,61.3,8.8,6.9,34,0.472,15.1,-2.9,782.4,0,0,0,0,0,0,0,0,0,0,0,0,,
2022-08-28 06:00:00,0.012,0.701,61.7,8.9,6.9,35,0.473,15.1,-0.5,782.4,0,0,0,0,0,0,0,0,0,0,0,0,,
2022-08-28 07:00:00,0.023,0.7,62.1,9,7,36,0.474,15.1,1.4,782.4,0,0,0,0,0,0,0,0,0,0,0,0,,
2022-08-28 08:00:00,0.027,0.7,62.4,9,7,36,0.476,15.4,-0.9,782.4,0,0,0,0,0,0,0,0,0,0,0,0,,
2022-08-28 09:00:00,0.018,0.7,62.7,9.1,7.1,37,0.477,15.4,1.2,782.4,0,0,0,0,0,0,0,0,0,0,0,0,,
2022-08-28 10:00:00,0.018,0.701,62.9,9.1,7.1,37,0.478,15.9,1.6,782.4,0,0,0,0,0,0,0,0,0,0,0,0,,
2022-08-28 11:00:00,0.018,0.701,63.1,9.2,7.2,36,0.479,17.6,0.9,782.4,0,0,0,0,0,0,0,0,0,0,0,0,,
2022-08-28 12:00:00,0.014,0.701,63.1,9.2,7.2,35,0.48,18.5,1.7,782.4,0,0,0,0,0,0,0,0,0,0,0,0,,
2022-08-28 13:00:00,0.015,0.7,63.2,9.2,7.2,35,0.48,20.2,0.1,782.4,0,0,0,0,0,0,0,0,0,0,0,0,,
2022-08-28 14:00:00,0.021,0.701,62.9,9.2,7.2,34,0.48,21.6,-0.7,782.4,0,0,0,0,0,0,0,0,0,0,0,0,,
2022-08-28 15:00:00,0.013,0.7,62.4,9.1,7.1,33,0.479,21.8,-1.5,782.4,0,0,0,0,0,0,0,0,0,0,0,0,,
2022-08-28 16:00:00,0.017,0.701,62,9,7,34,0.477,22.3,-0.4,782.4,0,0,0,0,0,0,0,0,0,0,0,0,,
2022-08-28 17:00:00,0.018,0.7,61.4,8.8,6.9,34,0.474,21.1,0.3,782.4,0,0,0,0,0,0,0,0,0,0,0,0,,
2022-08-28 18:00:00,0.022,0.7,60.7,8.7,6.8,33,0.471,20.8,-0.6,782.4,0,0,0,0,0,0,0,0,0,0,0,0,,
2022-08-28 19:00:00,0.027,0.7,60.3,8.6,6.7,32,0.468,19.6,1.1,782.4,0,0,0,0,0,0,0,0,0,0,0,0,,
2022-08-28 20:00:00,0.041,0.7,59.8,8.5,6.6,31,0.466,19,1.3,782.4,0,0,0,0,0,0,0,0,0,0,0,0,,
2022-08-28 21:00:00,0.023,0.7,59.3,8.4,6.5,30,0.463,18.7,0.1,782.4,0,0,0,0,0,0,0,0,0,0,0,0,,
2022-08-28 22:00:00,0.016,0.7,59,8.3,6.4,30,0.461,18.4,-0.4,782.4,0,0,0,0,0,0,0,0,0,0,0,0,,
2022-08-28 23:00:00,0.012,0.7,58.9,8.2,6.4,30,0.46,18,-0.8,782.4,0,0,0,0,0,0,0,0,0,0,0,0,,
2022-08-29 00:00:00,0.013,0.7,58.9,8.2,6.4,31,0.459,17.7,0.4,782.4,0,0,0,0,0,0,0,0,0,0,0,0,,
2022-08-29 01:00:00,0.013,0.7,58.9,8.2,6.4,31,0.459,17.3,0.9,781.8,0,0,0,0,0,0,0,0,0,0,0,0,,
2022-08-29 02:00:00,0.011,0.7,59,8.3,6.4,32,0.459,16.7,0.9,781.8,0,0,0,0,0,0,0,0,0,0,0,0,,
2022-08-29 03:00:00,0.009,0.701,59.1,8.3,6.4,32,0.46,16.2,0,781.8,0,0,0,0,0,0,0,0,0,0,0,0,,
2022-08-29 04:00:00,0.007,0.7,59.2,8.4,6.4,32,0.461,15.7,0.2,781.8,0,0,0,0,0,0,0,0,0,0,0,0,,
2022-08-29 05:00:00,0.012,0.7,59.6,8.4,6.5,33,0.462,15.2,1.2,781.8,0,0,0,0,0,0,0,0,0,0,0,0,,
2022-08-29 06:00:00,0.008,0.7,60,8.5,6.5,33,0.463,15.1,-1.4,781.8,0,0,0,0,0,0,0,0,0,0,0,0,,
2022-08-29 07:00:00,0.017,0.7,60.2,8.5,6.6,34,0.465,14.8,-0.1,781.8,0,0,0,0,0,0,0,0,0,0,0,0,,
2022-08-29 08:00:00,0.034,0.701,60.3,8.6,6.6,34,0.466,16.8,-0.1,781.8,0,0,0,0,0,0,0,0,0,0,0,0,,
2022-08-29 09:00:00,0.049,0.701,60.4,8.6,6.7,33,0.468,18.9,-0.6,781.8,0,0,0,0,0,0,0,0,0,0,0,0,,
2022-08-29 10:00:00,0.033,0.7,60.8,8.7,6.7,32,0.47,21.2,-1,781.8,0,0,0,0,0,0,0,0,0,0,0,0,,
2022-08-29 11:00:00,0.019,0.7,60.9,8.7,6.8,31,0.472,23.1,-0.9,781.8,0,0,0,0,0,0,0,0,0,0,0,0,,
2022-08-29 12:00:00,0.024,0.7,60.9,8.7,6.7,31,0.472,24.9,-2.2,781.8,0,0,0,0,0,0,0,0,0,0,0,0,,
2022-08-29 13:00:00,0.02,0.701,60.5,8.6,6.7,31,0.47,25.4,-0.8,781.8,0,0,0,0,0,0,0,0,0,0,0,0,,
2022-08-29 14:00:00,0.016,0.701,0.371,8.5,6.6,30,0.467,26.2,-2.1,781.8,0,0,0,0,0,0,0,0,0,0,0,0,,
2022-08-29 15:00:00,0.025,0.7,0.366,8.2,6.4,29,0.462,26.6,-0.5,781.8,0,0,0,0,0,0,0,0,0,0,0,0,,
2022-08-29 16:00:00,0.025,0.7,0.36,8,6.2,28,0.456,26.2,1,781.8,0,0,0,0,0,0,0,0,0,0,0,0,,
2022-08-29 17:00:00,0.026,0.7,0.353,7.8,6,29,0.449,25.5,0.4,781.8,0,0,0,0,0,0,0,0,0,0,0,0,,
2022-08-29 18:00:00,0.028,0.7,0.346,7.6,5.8,29,0.443,24.5,1.8,781.8,0,0,0,0,0,0,0,0,0,0,0,0,,
2022-08-29 19:00:00,0.033,0.7,0.341,7.4,5.7,29,0.437,23.4,-2.8,781.8,0,0,0,0,0,0,0,0,0,0,0,0,,
2022-08-29 20:00:00,0.015,0.7,0.338,7.3,5.5,32,0.431,20.2,1,781.8,0,0,0,0,0,0,0,0,0,0,0,0,,
2022-08-29 21:00:00,0.017,0.7,0.334,7.1,5.5,33,0.427,19.4,0,781.8,0,0,0,0,0,0,0,0,0,0,0,0,,
2022-08-29 22:00:00,0.021,0.7,0.332,7,5.4,32,0.425,19.4,-0.2,781.8,0,0,0,0,0,0,0,0,0,0,0,0,,
2022-08-29 23:00:00,0.024,0.7,0.331,7,5.3,30,0.423,19.3,0.9,781.8,0,0,0,0,0,0,0,0,0,0,0,0,,
2022-08-30 00:00:00,0.012,0.7,0.331,7,5.3,28,0.422,18.3,-0.7,781.8,0,0,0,0,0,0,0,0,0,0,0,0,,
2022-08-30 01:00:00,0.013,0.701,0.33,7,5.3,28,0.422,17.3,-0.2,782.4,0,0,0,0,0,0,0,0,0,0,0,0,,
2022-08-30 02:00:00,0.013,0.7,0.333,7,5.4,28,0.424,16.7,0.6,782.4,0,0,0,0,0,0,0,0,0,0,0,0,,
2022-08-30 03:00:00,0.013,0.7,0.334,7.1,5.4,28,0.426,16.1,-0.1,782.4,0,0,0,0,0,0,0,0,0,0,0,0,,
2022-08-30 04:00:00,0.014,0.7,0.336,7.2,5.5,29,0.427,15.9,-1.9,782.4,0,0,0,0,0,0,0,0,0,0,0,0,,
2022-08-30 05:00:00,0.011,0.7,0.338,7.3,5.5,29,0.429,15.1,-1.3,782.4,0,0,0,0,0,0,0,0,0,0,0,0,,
2022-08-30 06:00:00,0.016,0.7,0.341,7.3,5.6,29,0.432,14.4,-0.3,782.4,0,0,0,0,0,0,0,0,0,0,0,0,,
2022-08-30 07:00:00,0.024,0.7,0.343,7.5,5.7,30,0.435,14.5,1.4,782.4,0,0,0,0,0,0,0,0,0,0,0,0,,
2022-08-30 08:00:00,0.019,0.701,0.346,7.6,5.8,30,0.439,15.7,0.7,782.4,0,0,0,0,0,0,0,0,0,0,0,0,,
2022-08-30 09:00:00,0.016,0.7,0.35,7.7,5.9,30,0.443,16.4,2.4,782.4,0,0,0,0,0,0,0,0,0,0,0,0,,
2022-08-30 10:00:00,0.021,0.702,0.353,7.8,6,30,0.446,17.2,1.5,782.4,0,0,0,0,0,0,0,0,0,0,0,0,,
2022-08-30 11:00:00,0.017,0.701,0.356,7.9,6.1,30,0.449,19.1,1.5,782.4,0,0,0,0,0,0,0,0,0,0,0,0,,
2022-08-30 12:00:00,0.018,0.701,0.356,7.9,6.1,30,0.452,21.5,0.2,782.4,0,0,0,0,0,0,0,0,0,0,0,0,,
2022-08-30 13:00:00,0.025,0.7,0.357,7.9,6.1,30,0.453,23.6,1.2,782.4,0,0,0,0,0,0,0,0,0,0,0,0,,
2022-08-30 14:00:00,0.025,0.7,0.355,7.9,6.1,29,0.452,25.4,-0.7,782.4,0,0,0,0,0,0,0,0,0,0,0,0,,
2022-08-30 15:00:00,0.023,0.701,0.352,7.8,6,27,0.449,27,2.4,782.4,0,0,0,0,0,0,0,0,0,0,0,0,,
2022-08-30 16:00:00,0.024,0.7,0.347,7.6,5.8,26,0.444,26.9,-0.3,782.4,0,0,0,0,0,0,0,0,0,0,0,0,,
2022-08-30 17:00:00,0.024,0.7,0.342,7.4,5.7,25,0.44,26.7,-0.5,782.4,0,0,0,0,0,0,0,0,0,0,0,0,,
2022-08-30 18:00:00,0.029,0.7,0.336,7.2,5.5,24,0.433,26.1,0.7,782.4,0,0,0,0,0,0,0,0,0,0,0,0,,
2022-08-30 19:00:00,0.035,0.7,0.331,7.1,5.4,24,0.428,24.2,1.5,782.4,0,0,0,0,0,0,0,0,0,0,0,0,,
2022-08-30 20:00:00,0.038,0.7,0.327,6.9,5.3,24,0.423,23,-2,782.4,0,0,0,0,0,0,0,0,0,0,0,0,,
2022-08-30 21:00:00,0.035,0.7,0.324,6.8,5.2,24,0.419,22.1,1.3,782.4,0,0,0,0,0,0,0,0,0,0,0,0,,
2022-08-30 22:00:00,0.021,0.7,0.321,6.7,5.2,25,0.415,21,0.3,782.4,0,0,0,0,0,0,0,0,0,0,0,0,,
2022-08-30 23:00:00,0.014,0.7,0.32,6.7,5.1,26,0.413,19.6,-2.5,782.4,0,0,0,0,0,0,0,0,0,0,0,0,,
2022-08-31 00:00:00,0.011,0.7,0.321,6.7,5.1,27,0.411,18.5,-1.6,782.4,0,0,0,0,0,0,0,0,0,0,0,0,,
2022-08-31 01:00:00,0.007,0.7,0.321,6.7,5.1,27,0.411,17.4,0.8,784,0,0,0,0,0,0,0,0,0,0,0,0,,
2022-08-31 02:00:00,0.012,0.7,0.322,6.7,5.1,27,0.412,16.7,0.8,784,0,0,0,0,0,0,0,0,0,0,0,0,,
2022-08-31 03:00:00,0.013,0.7,0.323,6.7,5.1,28,0.413,16.2,-0.2,784,0,0,0,0,0,0,0,0,0,0,0,0,,
2022-08-31 04:00:00,0.023,0.7,0.324,6.8,5.2,27,0.415,15.8,-0.6,784,0,0,0,0,0,0,0,0,0,0,0,0,,
2022-08-31 05:00:00,0.014,0.7,0.327,6.9,0.118,27,0.418,15.6,-0.3,784,0,0,0,0,0,0,0,0,0,0,0,0,,
2022-08-31 06:00:00,0.01,0.7,0.329,7,0.119,27,0.421,15.2,0.2,784,0,0,0,0,0,0,0,0,0,0,0,0,,
2022-08-31 07:00:00,0.017,0.7,0.332,7.1,0.121,28,0.425,15.3,-0.2,784,0,0,0,0,0,0,0,0,0,0,0,0,,
2022-08-31 08:00:00,0.021,0.7,0.335,7.2,0.123,28,0.428,16,2,784,0,0,0,0,0,0,0,0,0,0,0,0,,
2022-08-31 09:00:00,0.016,0.701,0.338,7.3,0.125,29,0.432,16.4,-1.4,784,0,0,0,0,0,0,0,0,0,0,0,0,,
2022-08-31 10:00:00,0.016,0.7,0.342,7.4,0.127,29,0.435,17.7,-2.1,784,0,0,0,0,0,0,0,0,0,0,0,0,,
2022-08-31 11:00:00,0.034,0.701,0.344,7.5,0.128,29,0.438,19.7,1.5,784,0,0,0,0,0,0,0,0,0,0,0,0,,
2022-08-31 12:00:00,0.027,0.7,0.346,7.5,0.129,29,0.44,20,0.2,784,0,0,0,0,0,0,0,0,0,0,0,0,,
2022-08-31 13:00:00,0.025,0.7,0.347,7.6,0.13,28,0.442,20.9,0.8,784,0,0,0,0,0,0,0,0,0,0,0,0,,
2022-08-31 14:00:00,0.029,0.7,0.346,7.6,0.13,28,0.442,21.1,2.1,784,0,0,0,0,0,0,0,0,0,0,0,0,,
2022-08-31 15:00:00,0.025,0.7,0.346,7.5,0.129,28,0.441,21.3,0.8,784,0,0,0,0,0,0,0,0,0,0,0,0,,
2022-08-31 16:00:00,0.032,0.7,0.344,7.5,0.129,27,0.441,21.3,-2.9,784,0,0,0,0,0,0,0,0,0,0,0,0,,
2022-08-31 17:00:00,0.054,0.7,0.342,7.5,0.128,27,0.439,21.5,0.9,784,0,0,0,0,0,0,0,0,0,0,0,0,,
2022-08-31 18:00:00,0.049,0.7,0.341,7.4,0.127,27,0.437,21,-1.6,784,0,0,0,0,0,0,0,0,0,0,0,0,,
2022-08-31 19:00:00,0.048,0.7,0.34,7.4,0.126,27,0.436,20.5,-0.7,784,0,0,0,0,0,0,0,0,0,0,0,0,,
2022-08-31 20:00:00,0.145,0.7,0.333,7.3,0.126,26,0.435,20.1,-1,784,0,0,0,0,0,0,0,0,0,0,0,0,,
2022-08-31 21:00:00,0.047,0.7,0.339,7.3,0.126,27,0.434,19.5,-0.7,784,0,0,0,0,0,0,0,0,0,0,0,0,,
2022-08-31 22:00:00,0.031,0.7,0.34,7.3,0.126,28,0.433,18.7,0.4,784,0,0,0,0,0,0,0,0,0,0,0,0,,
2022-08-31 23:00:00,0.018,0.7,0.341,7.3,0.126,28,0.433,17.7,-0.5,784,0,0,0,0,0,0,0,0,0,0,0,0,,
2022-09-01 00:00:00,0.014,0.701,0.343,7.4,0.126,28,0.435,17,2.3,784,0,0,0,0,0,0,0,0,0,0,0,0,,
2022-09-01 01:00:00,0.011,0.7,0.343,7.4,0.128,28,0.436,16.4,1.1,782.3,0,0,0,0,0,0,0,0,0,0,0,0,,
2022-09-01 02:00:00,0.012,0.7,0.346,7.5,0.128,29,0.437,16,-0.1,782.3,0,0,0,0,0,0,0,0,0,0,0,0,,
2022-09-01 03:00:00,0.009,0.701,0.347,7.6,0.129,29,0.439,15.7,1.6,782.3,0,0,0,0,0,0,0,0,0,0,0,0,,
2022-09-01 04:00:00,0.01,0.7,0.349,7.6,0.131,29,0.441,15.4,-0.6,782.3,0,0,0,0,0,0,0,0,0,0,0,0,,
2022-09-01 05:00:00,0.007,0.702,0.35,7.7,0.132,29,0.443,15.1,0.6,782.3,0,0,0,0,0,0,0,0,0,0,0,0,,
2022-09-01 06:00:00,0.007,0.7,0.353,7.8,0.134,29,0.446,14.8,1,782.3,0,0,0,0,0,0,0,0,0,0,0,0,,
2022-09-01 07:00:00,0.013,0.7,0.355,7.9,0.136,29,0.448,14.8,0.8,782.3,0,0,0,0,0,0,0,0,0,0,0,0,,
2022-09-01 08:00:00,0.017,0.7,0.358,8,0.137,30,0.451,15.3,0.5,782.3,0,0,0,0,0,0,0,0,0,0,0,0,,
2022-09-01 09:00:00,0.024,0.7,0.361,8.1,0.139,30,0.454,16.4,-0.6,782.3,0,0,0,0,0,0,0,0,0,0,0,0,,
2022-09-01 10:00:00,0.024,0.7,0.364,8.2,0.14,30,0.457,18.4,2,782.3,0,0,0,0,0,0,0,0,0,0,0,0,,
2022-09-01 11:00:00,0.019,0.701,0.365,8.2,0.142,29,0.458,19.7,0.9,782.3,0,0,0,0,0,0,0,0,0,0,0,0,,
2022-09-01 12:00:00,0.023,0.701,0.366,8.2,0.142,28,0.46,20.6,1.7,782.3,0,0,0,0,0,0,0,0,0,0,0,0,,
2022-09-01 13:00:00,0.03,0.7,0.366,8.3,0.143,27,0.461,22.3,-1.9,782.3,0,0,0,0,0,0,0,0,0,0,0,0,,
2022-09-01 14:00:00,0.034,0.7,0.364,8.2,0.142,27,0.46,23.7,-0.4,782.3,0,0,0,0,0,0,0,0,0,0,0,0,,
2022-09-01 15:00:00,0.033,0.7,0.361,8.1,0.14,26,0.458,24.7,1.6,782.3,0,0,0,0,0,0,0,0,0,0,0,0,,
2022-09-01 16:00:00,0.026,0.7,0.357,8,0.138,26,0.455,25.1,-0.5,782.3,0,0,0,0,0,0,0,0,0,0,0,0,,
2022-09-01 17:00:00,0.022,0.7,0.353,7.8,0.134,25,0.45,25.4,-0.2,782.3,0,0,0,0,0,0,0,0,0,0,0,0,,
2022-09-01 18:00:00,0.019,0.7,0.347,7.6,0.131,25,0.444,24.7,1.4,782.3,0,0,0,0,0,0,0,0,0,0,0,0,,
2022-09-01 19:00:00,0.027,0.7,0.343,7.5,0.128,25,0.44,22.8,1.1,782.3,0,0,0,0,0,0,0,0,0,0,0,0,,
2022-09-01 20:00:00,0.031,0.7,0.341,7.4,0.126,27,0.436,21,-0.5,782.3,0,0,0,0,0,0,0,0,0,0,0,0,,
2022-09-01 21:00:00,0.069,0.7,0.336,7.3,0.125,27,0.433,20.2,0.2,782.3,0,0,0,0,0,0,0,0,0,0,0,0,,
2022-09-01 22:00:00,0.037,0.7,0.335,7.2,0.123,25,0.43,19.7,1.4,782.3,0,0,0,0,0,0,0,0,0,0,0,0,,
2022-09-01 23:00:00,0.029,0.7,0.335,7.2,0.123,26,0.429,18.2,-1,782.3,0,0,0,0,0,0,0,0,0,0,0,0,,
2022-09-02 00:00:00,0.018,0.701,0.335,7.2,0.123,27,0.428,17,0.6,782.3,0,0,0,0,0,0,0,0,0,0,0,0,,
2022-09-02 01:00:00,0.016,0.7,0.335,7.2,0.123,28,0.429,16.1,1.1,782.9,0,0,0,0,0,0,0,0,0,0,0,0,,
2022-09-02 02:00:00,0.018,0.7,0.336,7.2,0.124,29,0.429,15.5,0.5,782.9,0,0,0,0,0,0,0,0,0,0,0,0,,
2022-09-02 03:00:00,0.018,0.701,0.339,7.3,0.125,29,0.431,15.1,1.7,782.9,0,0,0,0,0,0,0,0,0,0,0,0,,
2022-09-02 04:00:00,0.016,0.7,0.342,7.4,0.126,30,0.433,14.6,-0.2,782.9,0,0,0,0,0,0,0,0,0,0,0,0,,
2022-09-02 05:00:00,0.019,0.7,0.344,7.5,0.128,30,0.437,14.8,-0.5,782.9,0,0,0,0,0,0,0,0,0,0,0,0,,
2022-09-02 06:00:00,0.026,0.7,0.348,7.6,0.13,30,0.44,15.3,-0.5,782.9,0,0,0,0,0,0,0,0,0,0,0,0,,
2022-09-02 07:00:00,0.027,0.7,0.35,7.7,0.132,31,0.443,15,1.8,782.9,0,0,0,0,0,0,0,0,0,0,0,0,,
2022-09-02 08:00:00,0.024,0.7,0.355,7.8,0.134,31,0.446,15.3,2.1,782.9,0,0,0,0,0,0,0,0,0,0,0,0,,
2022-09-02 09:00:00,0.027,0.7,0.357,7.9,0.136,32,0.45,15.8,-0.8,782.9,0,0,0,0,0,0,0,0,0,0,0,0,,
2022-09-02 10:00:00,0.039,0.7,0.36,8,0.139,32,0.453,16.4,1.3,782.9,0,0,0,0,0,0,0,0,0,0,0,0,,
2022-09-02 11:00:00,0.047,0.7,0.362,8.1,0.14,33,0.455,17,1.8,782.9,0,0,0,0,0,0,0,0,0,0,0,0,,
2022-09-02 12:00:00,0.049,0.7,0.364,8.2,0.142,32,0.458,18.7,-0.9,782.9,0,0,0,0,0,0,0,0,0,0,0,0,,
2022-09-02 13:00:00,0.037,0.7,0.366,8.2,0.142,31,0.459,19.4,-0.8,782.9,0,0,0,0,0,0,0,0,0,0,0,0,,
