Time,Conc (mg/m3),Qtot (m3),no (V),WS (MPS),WS (MPS),RH (%),WS (KPH),AT (C),Stab (ug),Ref (ug),E,U,M,I,L,R,N,F,P,D,C,T,,
2022-09-01 13:00:00,0.03,0.7,0.366,8.3,6.4,27,74.2,22.3,-1.9,782.3,0,0,0,0,0,0,0,0,0,0,0,0,,
2022-09-01 14:00:00,0.034,0.7,0.364,8.2,6.3,27,74.1,23.7,-0.4,782.3,0,0,0,0,0,0,0,0,0,0,0,0,,
2022-09-01 15:00:00,0.033,0.7,0.361,8.1,6.2,26,73.7,24.7,1.6,782.3,0,0,0,0,0,0,0,0,0,0,0,0,,
2022-09-01 16:00:00,0.026,0.7,0.357,8,6.2,26,73.2,25.1,-0.5,782.3,0,0,0,0,0,0,0,0,0,0,0,0,,
2022-09-01 17:00:00,0.022,0.7,0.353,7.8,6,25,72.4,25.4,-0.2,782.3,0,0,0,0,0,0,0,0,0,0,0,0,,
2022-09-01 18:00:00,0.019,0.7,0.347,7.6,5.8,25,71.5,24.7,1.4,782.3,0,0,0,0,0,0,0,0,0,0,0,0,,
2022-09-01 19:00:00,0.027,0.7,0.343,7.5,5.7,25,70.7,22.8,1.1,782.3,0,0,0,0,0,0,0,0,0,0,0,0,,
2022-09-01 20:00:00,0.031,0.7,0.341,7.4,5.6,27,70.1,21,-0.5,782.3,0,0,0,0,0,0,0,0,0,0,0,0,,
2022-09-01 21:00:00,0.069,0.7,0.336,7.3,5.6,27,69.6,20.2,0.2,782.3,0,0,0,0,0,0,0,0,0,0,0,0,,
2022-09-01 22:00:00,0.037,0.7,0.335,7.2,5.5,25,69.3,19.7,1.4,782.3,0,0,0,0,0,0,0,0,0,0,0,0,,
2022-09-01 23:00:00,0.029,0.7,0.335,7.2,5.5,26,69,18.2,-1,782.3,0,0,0,0,0,0,0,0,0,0,0,0,,
2022-09-02 00:00:00,0.018,0.701,0.335,7.2,5.5,27,68.9,17,0.6,782.3,0,0,0,0,0,0,0,0,0,0,0,0,,
2022-09-02 01:00:00,0.016,0.7,0.335,7.2,5.5,28,69,16.1,1.1,782.9,0,0,0,0,0,0,0,0,0,0,0,0,,
2022-09-02 02:00:00,0.018,0.7,0.336,7.2,5.5,29,69.1,15.5,0.5,782.9,0,0,0,0,0,0,0,0,0,0,0,0,,
2022-09-02 03:00:00,0.018,0.701,0.339,7.3,5.6,29,69.4,15.1,1.7,782.9,0,0,0,0,0,0,0,0,0,0,0,0,,
2022-09-02 04:00:00,0.016,0.7,0.342,7.4,5.6,30,69.7,14.6,-0.2,782.9,0,0,0,0,0,0,0,0,0,0,0,0,,
2022-09-02 05:00:00,0.019,0.7,0.344,7.5,5.7,30,70.2,14.8,-0.5,782.9,0,0,0,0,0,0,0,0,0,0,0,0,,
2022-09-02 06:00:00,0.026,0.7,0.348,7.6,5.8,30,70.8,15.3,-0.5,782.9,0,0,0,0,0,0,0,0,0,0,0,0,,
2022-09-02 07:00:00,0.027,0.7,0.35,7.7,5.9,31,71.3,15,1.8,782.9,0,0,0,0,0,0,0,0,0,0,0,0,,
2022-09-02 08:00:00,0.024,0.7,0.355,7.8,6,31,71.8,15.3,2.1,782.9,0,0,0,0,0,0,0,0,0,0,0,0,,
2022-09-02 09:00:00,0.027,0.7,0.357,7.9,6.1,32,72.4,15.8,-0.8,782.9,0,0,0,0,0,0,0,0,0,0,0,0,,
2022-09-02 10:00:00,0.039,0.7,0.36,8,6.2,32,72.9,16.4,1.3,782.9,0,0,0,0,0,0,0,0,0,0,0,0,,
2022-09-02 11:00:00,0.047,0.7,0.362,8.1,6.3,33,73.3,17,1.8,782.9,0,0,0,0,0,0,0,0,0,0,0,0,,
2022-09-02 12:00:00,0.049,0.7,0.364,8.2,6.3,32,73.7,18.7,-0.9,782.9,0,0,0,0,0,0,0,0,0,0,0,0,,
2022-09-02 13:00:00,0.037,0.7,0.366,8.2,6.4,31,73.9,19.4,-0.8,782.9,0,0,0,0,0,0,0,0,0,0,0,0,,
2022-09-02 14:00:00,0.025,0.702,0.379,8.7,6.7,32,76,20.3,1.1,782.9,0,0,0,0,0,0,0,0,0,0,0,0,,
2022-09-02 15:00:00,0.028,0.7,0.391,9.1,7.1,33,77.4,20.2,-2,782.9,0,0,0,0,0,0,0,0,0,0,0,0,,
2022-09-02 16:00:00,0.032,0.701,0.4,9.5,7.4,37,78.2,18.2,-2.3,782.9,0,0,0,0,0,0,0,0,0,0,0,0,,
2022-09-02 17:00:00,0.037,0.7,0.405,9.7,7.6,38,78.5,18.4,0.7,782.9,0,0,0,0,0,0,0,0,0,0,0,0,,
2022-09-02 18:00:00,0.029,0.7,0.407,9.8,0.173,38,0.489,18.5,1.3,782.9,0,0,0,0,0,0,0,0,0,0,0,0,,
2022-09-02 19:00:00,0.038,0.7,0.409,9.9,0.174,38,0.49,18.6,-2.2,782.9,0,0,0,0,0,0,0,0,0,0,0,0,,
2022-09-02 20:00:00,0.047,0.7,0.41,9.9,0.175,38,0.49,18.5,-0.9,782.9,0,0,0,0,0,0,0,0,0,0,0,0,,
2022-09-02 21:00:00,0.031,0.7,0.412,10,0.176,37,0.49,18.1,1.3,782.9,0,0,0,0,0,0,0,0,0,0,0,0,,
2022-09-02 22:00:00,0.027,0.7,0.412,10,0.176,37,0.491,17.8,2.6,782.9,0,0,0,0,0,0,0,0,0,0,0,0,,
2022-09-02 23:00:00,0.025,0.7,0.413,10,0.176,37,0.491,17.7,-1.8,782.9,0,0,0,0,0,0,0,0,0,0,0,0,,
2022-09-03 00:00:00,0.026,0.7,0.413,10.1,0.178,36,0.491,17.3,1.2,782.9,0,0,0,0,0,0,0,0,0,0,0,0,,
2022-09-03 01:00:00,0.022,0.7,0.413,10.1,0.178,36,0.491,16.9,-0.6,781.3,0,0,0,0,0,0,0,0,0,0,0,0,,
2022-09-03 02:00:00,0.018,0.7,0.415,10.1,0.178,36,0.491,16.4,-2.3,781.3,0,0,0,0,0,0,0,0,0,0,0,0,,
2022-09-03 03:00:00,0.019,0.701,0.416,10.2,0.179,37,0.491,15.6,-0.6,781.3,0,0,0,0,0,0,0,0,0,0,0,0,,
2022-09-03 04:00:00,0.022,0.7,0.416,10.2,0.179,38,0.491,15.3,0.3,781.3,0,0,0,0,0,0,0,0,0,0,0,0,,
2022-09-03 05:00:00,0.02,0.7,0.417,10.2,0.181,38,0.491,14.8,0,781.3,0,0,0,0,0,0,0,0,0,0,0,0,,
2022-09-03 06:00:00,0.019,0.701,0.419,10.3,0.181,39,0.492,14.6,-0.1,781.3,0,0,0,0,0,0,0,0,0,0,0,0,,
2022-09-03 07:00:00,0.025,0.7,0.419,10.3,0.182,40,0.492,14.6,-0.5,781.3,0,0,0,0,0,0,0,0,0,0,0,0,,
2022-09-03 08:00:00,0.026,0.7,0.42,10.3,0.183,40,0.492,15.1,-0.6,781.3,0,0,0,0,0,0,0,0,0,0,0,0,,
2022-09-03 09:00:00,0.025,0.701,0.421,10.4,0.183,40,0.493,16,0.6,781.3,0,0,0,0,0,0,0,0,0,0,0,0,,
2022-09-03 10:00:00,0.028,0.701,0.421,10.4,0.183,40,0.493,16.6,-2.5,781.3,0,0,0,0,0,0,0,0,0,0,0,0,,
2022-09-03 11:00:00,0.029,0.701,0.422,10.4,0.184,39,0.493,17.9,-1.2,781.3,0,0,0,0,0,0,0,0,0,0,0,0,,
2022-09-03 12:00:00,0.024,0.701,0.422,10.4,0.184,38,0.493,20.4,0.8,781.3,0,0,0,0,0,0,0,0,0,0,0,0,,
2022-09-03 13:00:00,0.029,0.701,0.422,10.4,0.184,37,0.493,21.9,-1.4,781.3,0,0,0,0,0,0,0,0,0,0,0,0,,
2022-09-03 14:00:00,0.032,0.7,0.421,10.4,0.183,37,0.493,22.7,-1.2,781.3,0,0,0,0,0,0,0,0,0,0,0,0,,
2022-09-03 15:00:00,0.034,0.7,0.42,10.3,0.183,36,0.493,23.7,1.6,781.3,0,0,0,0,0,0,0,0,0,0,0,0,,
2022-09-03 16:00:00,0.031,0.7,0.418,10.3,0.181,36,0.493,23.4,0.8,781.3,0,0,0,0,0,0,0,0,0,0,0,0,,
2022-09-03 17:00:00,0.031,0.7,0.417,10.2,0.18,36,0.493,24.1,-0.1,781.3,0,0,0,0,0,0,0,0,0,0,0,0,,
2022-09-03 18:00:00,0.034,0.701,0.416,10.2,0.179,37,0.493,23,-1.1,781.3,0,0,0,0,0,0,0,0,0,0,0,0,,
2022-09-03 19:00:00,0.039,0.7,0.413,10.1,0.178,38,0.492,21.9,-1.3,781.3,0,0,0,0,0,0,0,0,0,0,0,0,,
2022-09-03 20:00:00,0.041,0.7,0.413,10.1,0.178,38,0.492,20.9,0.8,781.3,0,0,0,0,0,0,0,0,0,0,0,0,,
2022-09-03 21:00:00,0.038,0.7,0.412,10.1,0.178,37,0.491,19.7,-0.2,781.3,0,0,0,0,0,0,0,0,0,0,0,0,,
2022-09-03 22:00:00,0.039,0.7,0.412,10,0.178,37,0.491,19.2,3,781.3,0,0,0,0,0,0,0,0,0,0,0,0,,
2022-09-03 23:00:00,0.028,0.701,0.413,10,0.177,36,0.491,18.4,-0.6,781.3,0,0,0,0,0,0,0,0,0,0,0,0,,
2022-09-04 00:00:00,0.019,0.7,0.414,10,0.177,36,0.491,17.4,-0.7,781.3,0,0,0,0,0,0,0,0,0,0,0,0,,
2022-09-04 01:00:00,0.018,0.7,0.413,10,0.177,36,0.491,16.5,0.1,783.1,0,0,0,0,0,0,0,0,0,0,0,0,,
2022-09-04 02:00:00,0.018,0.7,0.413,10.1,0.178,37,0.491,15.7,0.7,783.1,0,0,0,0,0,0,0,0,0,0,0,0,,
2022-09-04 03:00:00,0.015,0.701,0.415,10.1,0.178,37,0.491,14.8,0.3,783.1,0,0,0,0,0,0,0,0,0,0,0,0,,
2022-09-04 04:00:00,0.017,0.7,0.416,10.2,0.179,38,0.491,14.2,-0.5,783.1,0,0,0,0,0,0,0,0,0,0,0,0,,
2022-09-04 05:00:00,0.027,0.7,0.416,10.2,0.179,38,0.491,13.9,-2.8,783.1,0,0,0,0,0,0,0,0,0,0,0,0,,
2022-09-04 06:00:00,0.025,0.7,0.418,10.2,0.181,39,0.491,13.8,-0.5,783.1,0,0,0,0,0,0,0,0,0,0,0,0,,
2022-09-04 07:00:00,0.022,0.7,0.419,10.3,0.181,39,0.491,13.9,2.3,783.1,0,0,0,0,0,0,0,0,0,0,0,0,,
2022-09-04 08:00:00,0.019,0.701,0.4,10.3,0.2,39,0.492,13.9,1.5,783.1,0,0,0,0,0,0,0,0,0,0,0,0,,
2022-09-04 09:00:00,0.036,0.7,67.8,10.3,8.2,40,0.493,15.3,0.3,783.1,0,0,0,0,0,0,0,0,0,0,0,0,,
2022-09-04 10:00:00,0.048,0.7,68,10.4,8.2,40,0.493,17.3,0.4,783.1,0,0,0,0,0,0,0,0,0,0,0,0,,
2022-09-04 11:00:00,0.055,0.701,68,10.4,8.2,39,0.493,19.3,-0.2,783.1,0,0,0,0,0,0,0,0,0,0,0,0,,
2022-09-04 12:00:00,0.04,0.701,68,10.4,8.2,38,0.493,21.5,-0.1,783.1,0,0,0,0,0,0,0,0,0,0,0,0,,
2022-09-04 13:00:00,0.028,0.7,67.9,10.4,8.2,38,0.494,23.7,0.8,783.1,0,0,0,0,0,0,0,0,0,0,0,0,,
2022-09-04 14:00:00,0.02,0.7,67.8,10.3,8.2,37,0.494,25.4,-1,783.1,0,0,0,0,0,0,0,0,0,0,0,0,,
2022-09-04 15:00:00,0.019,0.7,67.4,10.3,8.1,36,0.493,26.3,-0.7,783.1,0,0,0,0,0,0,0,0,0,0,0,0,,
2022-09-04 16:00:00,0.022,0.7,67,10.2,8.1,33,0.493,26.6,0.6,783.1,0,0,0,0,0,0,0,0,0,0,0,0,,
2022-09-04 17:00:00,0.03,0.7,66.6,10.1,8,33,0.493,26.4,-0.9,783.1,0,0,0,0,0,0,0,0,0,0,0,0,,
2022-09-04 18:00:00,0.029,0.7,66.4,10.1,7.9,37,0.492,24.1,0.4,783.1,0,0,0,0,0,0,0,0,0,0,0,0,,
2022-09-04 19:00:00,0.025,0.701,66.1,10,7.9,37,0.491,22.6,1.5,783.1,0,0,0,0,0,0,0,0,0,0,0,0,,
2022-09-04 20:00:00,0.024,0.7,66.1,10,7.8,40,0.491,21.1,0.2,783.1,0,0,0,0,0,0,0,0,0,0,0,0,,
2022-09-04 21:00:00,0.03,0.7,65.9,9.9,7.8,40,0.49,20.3,-0.4,783.1,0,0,0,0,0,0,0,0,0,0,0,0,,
2022-09-04 22:00:00,0.024,0.7,65.9,9.9,7.8,39,0.49,19.9,3.3,783.1,0,0,0,0,0,0,0,0,0,0,0,0,,
2022-09-04 23:00:00,0.029,0.7,65.8,9.9,7.8,36,0.49,19.3,0.8,783.1,0,0,0,0,0,0,0,0,0,0,0,0,,
2022-09-05 00:00:00,0.017,0.7,65.8,9.9,7.8,35,0.49,18.3,1.5,783.1,0,0,0,0,0,0,0,0,0,0,0,0,,
2022-09-05 01:00:00,0.012,0.701,65.9,9.9,7.8,36,0.49,17.4,-0.8,782.5,0,0,0,0,0,0,0,0,0,0,0,0,,
2022-09-05 02:00:00,0.016,0.7,66.1,10,7.8,37,0.49,17.1,-0.9,782.5,0,0,0,0,0,0,0,0,0,0,0,0,,
2022-09-05 03:00:00,0.011,0.7,66.2,10,7.9,38,0.49,16.4,2.1,782.5,0,0,0,0,0,0,0,0,0,0,0,0,,
2022-09-05 04:00:00,0.014,0.701,66.4,10,7.9,38,0.49,16.1,-0.1,782.5,0,0,0,0,0,0,0,0,0,0,0,0,,
2022-09-05 05:00:00,0.01,0.7,66.6,10.1,7.9,39,0.491,16.1,0.5,782.5,0,0,0,0,0,0,0,0,0,0,0,0,,
2022-09-05 06:00:00,0.011,0.701,66.8,10.1,8,39,0.491,15.4,-1.4,782.5,0,0,0,0,0,0,0,0,0,0,0,0,,
2022-09-05 07:00:00,0.013,0.7,67,10.2,8,40,0.491,15.2,-0.1,782.5,0,0,0,0,0,0,0,0,0,0,0,0,,
2022-09-05 08:00:00,0.019,0.7,67.3,10.2,8,40,0.491,16.3,-0.1,782.5,0,0,0,0,0,0,0,0,0,0,0,0,,
2022-09-05 09:00:00,0.026,0.701,67.4,10.2,8.1,40,0.492,18.2,1,782.5,0,0,0,0,0,0,0,0,0,0,0,0,,
2022-09-05 10:00:00,0.034,0.701,67.3,10.2,8.1,39,0.492,20.1,2.3,782.5,0,0,0,0,0,0,0,0,0,0,0,0,,
2022-09-05 11:00:00,0.05,0.7,67.1,10.2,8,39,0.492,22.2,-0.3,782.5,0,0,0,0,0,0,0,0,0,0,0,0,,
2022-09-05 12:00:00,0.044,0.7,67,10.2,8,38,0.493,24.3,-1.7,782.5,0,0,0,0,0,0,0,0,0,0,0,0,,
2022-09-05 13:00:00,0.042,0.701,66.7,10.1,8,39,0.492,24,0.7,782.5,0,0,0,0,0,0,0,0,0,0,0,0,,
2022-09-05 14:00:00,0.034,0.701,66.6,10.1,8,39,0.492,24.7,-0.7,782.5,0,0,0,0,0,0,0,0,0,0,0,0,,
2022-09-05 15:00:00,0.037,0.701,66.3,10.1,7.9,38,0.493,26.1,0.6,782.5,0,0,0,0,0,0,0,0,0,0,0,0,,
2022-09-05 16:00:00,0.032,0.7,66,10,7.9,37,0.492,26.8,-0.7,782.5,0,0,0,0,0,0,0,0,0,0,0,0,,
2022-09-05 17:00:00,0.034,0.7,65.8,9.9,7.8,37,0.491,25.6,2.2,782.5,0,0,0,0,0,0,0,0,0,0,0,0,,
2022-09-05 18:00:00,0.029,0.701,65.4,9.8,7.8,38,0.49,24.3,-1.1,782.5,0,0,0,0,0,0,0,0,0,0,0,0,,
2022-09-05 19:00:00,0.031,0.701,65,9.7,7.7,40,0.489,22.5,-0.1,782.5,0,0,0,0,0,0,0,0,0,0,0,0,,
2022-09-05 20:00:00,0.024,0.701,64.8,9.7,7.6,41,0.488,21.3,0.6,782.5,0,0,0,0,0,0,0,0,0,0,0,0,,
2022-09-05 21:00:00,0.023,0.7,64.6,9.6,7.6,41,0.488,20.6,0.5,782.5,0,0,0,0,0,0,0,0,0,0,0,0,,
2022-09-05 22:00:00,0.027,0.7,64.5,9.6,7.5,40,0.487,20.4,-1,782.5,0,0,0,0,0,0,0,0,0,0,0,0,,
2022-09-05 23:00:00,0.023,0.7,0.402,9.6,0.168,42,0.487,19.2,1.4,782.5,0,0,0,0,0,0,0,0,0,0,0,0,,
2022-09-06 00:00:00,0.013,0.7,0.402,9.6,0.169,43,0.487,17.1,0.7,782.5,0,0,0,0,0,0,0,0,0,0,0,0,,
2022-09-06 01:00:00,0.014,0.7,0.402,9.6,0.169,42,0.487,17.4,-1,782,0,0,0,0,0,0,0,0,0,0,0,0,,
2022-09-06 02:00:00,0.017,0.7,0.404,9.7,0.17,43,0.488,17.4,2.8,782,0,0,0,0,0,0,0,0,0,0,0,0,,
2022-09-06 03:00:00,0.014,0.7,0.407,9.8,0.172,43,0.488,16.8,-0.7,782,0,0,0,0,0,0,0,0,0,0,0,0,,
2022-09-06 04:00:00,0.015,0.701,0.407,9.9,0.173,43,0.489,16.6,-0.2,782,0,0,0,0,0,0,0,0,0,0,0,0,,
2022-09-06 05:00:00,0.017,0.7,0.409,9.9,0.175,42,0.49,16,-0.4,782,0,0,0,0,0,0,0,0,0,0,0,0,,
2022-09-06 06:00:00,0.019,0.7,0.411,10,0.176,43,0.49,15.8,0.7,782,0,0,0,0,0,0,0,0,0,0,0,0,,
2022-09-06 07:00:00,0.03,0.7,0.411,10,0.177,44,0.491,16,-0.8,782,0,0,0,0,0,0,0,0,0,0,0,0,,
2022-09-06 08:00:00,0.02,0.701,0.413,10.1,0.178,42,0.491,16.6,0.5,782,0,0,0,0,0,0,0,0,0,0,0,0,,
2022-09-06 09:00:00,0.022,0.701,0.415,10.1,0.179,41,0.491,17.4,2.5,782,0,0,0,0,0,0,0,0,0,0,0,0,,
2022-09-06 10:00:00,0.038,0.701,0.415,10.2,0.179,42,0.491,19.3,0.5,782,0,0,0,0,0,0,0,0,0,0,0,0,,
2022-09-06 11:00:00,0.037,0.701,0.416,10.2,0.179,42,0.492,20.9,-1.7,782,0,0,0,0,0,0,0,0,0,0,0,0,,
2022-09-06 12:00:00,0.026,0.701,0.416,10.2,0.179,42,0.492,23,0,782,0,0,0,0,0,0,0,0,0,0,0,0,,
2022-09-06 13:00:00,0.03,0.701,0.414,10.1,0.179,41,0.492,24.6,-0.4,782,0,0,0,0,0,0,0,0,0,0,0,0,,
2022-09-06 14:00:00,0.026,0.7,0.413,10.1,0.178,38,0.493,26.6,0.3,782,0,0,0,0,0,0,0,0,0,0,0,0,,
2022-09-06 15:00:00,0.028,0.7,0.411,10,0.177,37,0.492,26,-1.5,782,0,0,0,0,0,0,0,0,0,0,0,0,,
2022-09-06 16:00:00,0.031,0.7,0.411,10,0.177,42,0.491,21.2,-1.7,782,0,0,0,0,0,0,0,0,0,0,0,0,,
2022-09-06 17:00:00,0.03,0.701,0.405,9.8,0.173,43,0.49,20.4,-2.1,782,0,0,0,0,0,0,0,0,0,0,0,0,,
2022-09-06 18:00:00,0.037,0.7,0.401,9.7,0.17,43,0.489,20.4,-0.5,782,0,0,0,0,0,0,0,0,0,0,0,0,,
2022-09-06 19:00:00,0.04,0.701,0.4,9.6,0.17,42,0.488,19.3,0.1,782,0,0,0,0,0,0,0,0,0,0,0,0,,
2022-09-06 20:00:00,0.042,0.698,0.401,9.7,0.17,43,0.488,18.5,2.4,782,0,0,0,0,0,0,0,0,0,0,0,0,,
2022-09-06 21:00:00,0.037,0.7,0.402,9.7,0.17,44,0.488,17.9,1,782,0,0,0,0,0,0,0,0,0,0,0,0,,
2022-09-06 22:00:00,0.028,0.7,0.404,9.7,0.171,44,0.488,18,-0.1,782,0,0,0,0,0,0,0,0,0,0,0,0,,
2022-09-06 23:00:00,0.018,0.7,0.405,9.8,0.172,44,0.489,17.6,0.7,782,0,0,0,0,0,0,0,0,0,0,0,0,,
2022-09-07 00:00:00,0.018,0.7,0.407,9.8,0.173,44,0.489,17.5,-2.2,782,0,0,0,0,0,0,0,0,0,0,0,0,,
2022-09-07 01:00:00,0.017,0.7,0.408,9.9,0.173,44,0.489,17.5,-1.5,780.9,0,0,0,0,0,0,0,0,0,0,0,0,,
2022-09-07 02:00:00,0.015,0.7,0.41,9.9,0.174,44,0.49,17.2,-0.3,780.9,0,0,0,0,0,0,0,0,0,0,0,0,,
2022-09-07 03:00:00,0.016,0.701,0.411,10,0.175,44,0.49,16.6,-1.3,780.9,0,0,0,0,0,0,0,0,0,0,0,0,,
2022-09-07 04:00:00,0.017,0.7,0.411,10,0.176,44,0.49,16.5,0.4,780.9,0,0,0,0,0,0,0,0,0,0,0,0,,
2022-09-07 05:00:00,0.024,0.701,0.411,10,0.176,44,0.49,16.5,-2,780.9,0,0,0,0,0,0,0,0,0,0,0,0,,
2022-09-07 06:00:00,0.024,0.701,0.411,10,0.176,44,0.49,16.3,0.3,780.9,0,0,0,0,0,0,0,0,0,0,0,0,,
2022-09-07 07:00:00,0.018,0.7,0.413,10.1,0.178,44,0.491,16,-1.5,780.9,0,0,0,0,0,0,0,0,0,0,0,0,,
2022-09-07 08:00:00,0.017,0.701,0.413,10.1,0.178,44,0.491,15.6,-0.3,780.9,0,0,0,0,0,0,0,0,0,0,0,0,,
2022-09-07 09:00:00,0.021,0.7,0.414,10.1,0.178,44,0.491,15.6,0.6,780.9,0,0,0,0,0,0,0,0,0,0,0,0,,
2022-09-07 10:00:00,0.017,0.7,0.413,10.1,0.178,42,0.491,15.9,0.4,780.9,0,0,0,0,0,0,0,0,0,0,0,0,,
2022-09-07 11:00:00,0.014,0.702,0.416,10.2,0.179,43,0.491,16.3,-0.7,780.9,0,0,0,0,0,0,0,0,0,0,0,0,,
2022-09-07 12:00:00,0.016,0.701,0.419,10.3,0.181,44,0.492,17.1,1.5,780.9,0,0,0,0,0,0,0,0,0,0,0,0,,
2022-09-07 13:00:00,0.014,0.701,0.418,10.2,0.181,43,0.492,19.1,0.9,780.9,0,0,0,0,0,0,0,0,0,0,0,0,,
2022-09-07 14:00:00,0.015,0.701,0.419,10.3,0.181,44,0.492,18.8,-1,780.9,0,0,0,0,0,0,0,0,0,0,0,0,,
2022-09-07 15:00:00,0.043,0.701,0.416,10.3,0.181,43,0.492,18,-0.6,780.9,0,0,0,0,0,0,0,0,0,0,0,0,,
2022-09-07 16:00:00,0.037,0.7,0.415,10.2,0.18,44,0.492,17.9,0.4,780.9,0,0,0,0,0,0,0,0,0,0,0,0,,
2022-09-07 17:00:00,0.037,0.7,0.415,10.2,0.18,44,0.492,17.8,-2.5,780.9,0,0,0,0,0,0,0,0,0,0,0,0,,
2022-09-07 18:00:00,0.044,0.7,0.414,10.2,0.179,44,0.491,17.5,-1.6,780.9,0,0,0,0,0,0,0,0,0,0,0,0,,
2022-09-07 19:00:00,0.039,0.7,0.415,10.2,0.179,44,0.491,16.8,3.1,780.9,0,0,0,0,0,0,0,0,0,0,0,0,,
2022-09-07 20:00:00,0.044,0.7,0.415,10.2,0.179,44,0.491,16.6,-1.5,780.9,0,0,0,0,0,0,0,0,0,0,0,0,,
2022-09-07 21:00:00,0.033,0.701,0.416,10.2,0.18,44,0.491,16.4,0.9,780.9,0,0,0,0,0,0,0,0,0,0,0,0,,
2022-09-07 22:00:00,0.027,0.7,0.417,10.2,0.18,44,0.491,16.2,-0.9,780.9,0,0,0,0,0,0,0,0,0,0,0,0,,
2022-09-07 23:00:00,0.024,0.7,0.419,10.3,0.181,44,0.492,16.4,0.6,780.9,0,0,0,0,0,0,0,0,0,0,0,0,,
2022-09-08 00:00:00,0.022,0.701,0.42,10.3,0.182,44,0.492,16.1,0.6,780.9,0,0,0,0,0,0,0,0,0,0,0,0,,
2022-09-08 01:00:00,0.02,0.7,0.422,10.4,0.183,44,0.493,16.1,-3.9,782.7,0,0,0,0,0,0,0,0,0,0,0,0,,
2022-09-08 02:00:00,0.014,0.7,0.423,10.4,0.184,43,0.493,16,0.2,782.7,0,0,0,0,0,0,0,0,0,0,0,0,,
2022-09-08 03:00:00,0.017,0.7,0.424,10.5,0.185,43,0.493,15.9,1.2,782.7,0,0,0,0,0,0,0,0,0,0,0,0,,
2022-09-08 04:00:00,0.016,0.7,0.424,10.5,0.186,43,0.493,15.4,3,782.7,0,0,0,0,0,0,0,0,0,0,0,0,,
2022-09-08 05:00:00,0.027,0.7,0.425,10.5,0.186,43,0.493,14.2,1.1,782.7,0,0,0,0,0,0,0,0,0,0,0,0,,
2022-09-08 06:00:00,0.022,0.7,0.426,10.6,0.187,44,0.493,14,0.1,782.7,0,0,0,0,0,0,0,0,0,0,0,0,,
2022-09-08 07:00:00,0.028,0.7,0.426,10.6,0.187,45,0.494,14.3,0.8,782.7,0,0,0,0,0,0,0,0,0,0,0,0,,
2022-09-08 08:00:00,0.026,0.7,0.426,10.6,0.187,44,0.494,14.8,-1.8,782.7,0,0,0,0,0,0,0,0,0,0,0,0,,
2022-09-08 09:00:00,0.016,0.7,0.427,10.6,0.187,43,0.494,15,-0.5,782.7,0,0,0,0,0,0,0,0,0,0,0,0,,
2022-09-08 10:00:00,0.027,0.7,0.427,10.6,0.188,42,0.494,16.2,-0.7,782.7,0,0,0,0,0,0,0,0,0,0,0,0,,
2022-09-08 11:00:00,0.03,0.7,0.429,10.6,0.188,43,0.495,17.8,-0.4,782.7,0,0,0,0,0,0,0,0,0,0,0,0,,
2022-09-08 12:00:00,0.032,0.7,0.43,10.7,0.19,43,0.495,17.6,0.4,782.7,0,0,0,0,0,0,0,0,0,0,0,0,,
2022-09-08 13:00:00,0.04,0.7,0.431,10.7,0.19,44,0.495,17,1,782.7,0,0,0,0,0,0,0,0,0,0,0,0,,
2022-09-08 14:00:00,0.033,0.7,0.431,10.8,0.19,45,0.495,16.6,0.5,782.7,0,0,0,0,0,0,0,0,0,0,0,0,,
2022-09-08 15:00:00,0.034,0.7,0.429,10.7,0.189,43,0.495,17.1,0.3,782.7,0,0,0,0,0,0,0,0,0,0,0,0,,
2022-09-08 16:00:00,0.031,0.7,0.427,10.6,0.188,42,0.495,19.8,0,782.7,0,0,0,0,0,0,0,0,0,0,0,0,,
2022-09-08 17:00:00,0.041,0.7,0.427,10.6,0.188,42,0.495,19.3,-1.4,782.7,0,0,0,0,0,0,0,0,0,0,0,0,,
2022-09-08 18:00:00,0.038,0.7,0.427,10.6,0.189,43,0.495,19,1,782.7,0,0,0,0,0,0,0,0,0,0,0,0,,
2022-09-08 19:00:00,0.037,0.7,0.427,10.6,0.189,45,0.495,18.1,-0.1,782.7,0,0,0,0,0,0,0,0,0,0,0,0,,
2022-09-08 20:00:00,0.042,0.7,0.427,10.6,0.188,44,0.495,17.7,0.2,782.7,0,0,0,0,0,0,0,0,0,0,0,0,,
2022-09-08 21:00:00,0.051,0.7,0.426,10.6,0.187,45,0.494,17.6,0.7,782.7,0,0,0,0,0,0,0,0,0,0,0,0,,
2022-09-08 22:00:00,0.053,0.7,0.426,10.6,0.187,45,0.494,17.6,-0.9,782.7,0,0,0,0,0,0,0,0,0,0,0,0,,
2022-09-08 23:00:00,0.04,0.7,0.427,10.6,0.187,44,0.494,17.5,-0.2,782.7,0,0,0,0,0,0,0,0,0,0,0,0,,
2022-09-09 00:00:00,0.03,0.7,0.427,10.6,0.187,42,0.494,17.2,-1,782.7,0,0,0,0,0,0,0,0,0,0,0,0,,
2022-09-09 01:00:00,0.021,0.7,0.427,10.6,0.187,41,0.494,16.7,0.8,782.3,0,0,0,0,0,0,0,0,0,0,0,0,,
2022-09-09 02:00:00,0.022,0.7,0.426,10.6,0.188,39,0.494,16.5,-0.7,782.3,0,0,0,0,0,0,0,0,0,0,0,0,,
2022-09-09 03:00:00,0.012,0.7,0.426,10.6,0.188,39,0.494,16.1,-0.1,782.3,0,0,0,0,0,0,0,0,0,0,0,0,,
2022-09-09 04:00:00,0.011,0.701,0.427,10.6,0.188,39,0.494,15.7,1.8,782.3,0,0,0,0,0,0,0,0,0,0,0,0,,
2022-09-09 05:00:00,0.013,0.701,0.427,10.6,0.189,39,0.494,15.3,0.3,782.3,0,0,0,0,0,0,0,0,0,0,0,0,,
2022-09-09 06:00:00,0.014,0.7,0.429,10.7,0.189,39,0.495,14.8,-0.5,782.3,0,0,0,0,0,0,0,0,0,0,0,0,,
2022-09-09 07:00:00,0.015,0.7,0.428,10.6,0.189,40,0.494,14.7,-0.2,782.3,0,0,0,0,0,0,0,0,0,0,0,0,,
2022-09-09 08:00:00,0.018,0.7,0.425,10.5,0.186,39,0.493,15.2,0.2,782.3,0,0,0,0,0,0,0,0,0,0,0,0,,
2022-09-09 09:00:00,0.02,0.7,0.424,10.5,0.186,39,0.493,16.6,1.3,782.3,0,0,0,0,0,0,0,0,0,0,0,0,,
2022-09-09 10:00:00,0.036,0.7,0.423,10.5,0.185,38,0.493,17.7,-0.3,782.3,0,0,0,0,0,0,0,0,0,0,0,0,,
2022-09-09 11:00:00,0.057,0.7,0.424,10.5,0.185,39,0.493,17.9,1.2,782.3,0,0,0,0,0,0,0,0,0,0,0,0,,
2022-09-09 12:00:00,0.042,0.7,0.423,10.5,0.184,39,0.493,19.2,-1.2,782.3,0,0,0,0,0,0,0,0,0,0,0,0,,
2022-09-09 13:00:00,0.038,0.7,0.421,10.4,0.183,38,0.493,19.7,0.4,782.3,0,0,0,0,0,0,0,0,0,0,0,0,,
2022-09-09 14:00:00,0.028,0.7,0.418,10.3,0.182,38,0.492,19.9,-0.5,782.3,0,0,0,0,0,0,0,0,0,0,0,0,,
2022-09-09 15:00:00,0.028,0.7,0.416,10.2,0.181,38,0.492,20.1,-1.9,782.3,0,0,0,0,0,0,0,0,0,0,0,0,,
2022-09-09 16:00:00,0.032,0.7,0.415,10.2,0.179,39,0.491,19.7,-2.1,782.3,0,0,0,0,0,0,0,0,0,0,0,0,,
2022-09-09 17:00:00,0.033,0.7,0.412,10.1,0.177,39,0.49,19.5,1.4,782.3,0,0,0,0,0,0,0,0,0,0,0,0,,
2022-09-09 18:00:00,0.03,0.7,0.41,10,0.175,38,0.489,19.4,-1.4,782.3,0,0,0,0,0,0,0,0,0,0,0,0,,
2022-09-09 19:00:00,0.037,0.7,0.405,9.8,0.173,38,0.488,19.2,0.5,782.3,0,0,0,0,0,0,0,0,0,0,0,0,,
2022-09-09 20:00:00,0.038,0.7,0.404,9.8,0.172,38,0.487,18.9,1,782.3,0,0,0,0,0,0,0,0,0,0,0,0,,
2022-09-09 21:00:00,0.042,0.7,0.402,9.7,0.17,39,0.487,18.3,-1.3,782.3,0,0,0,0,0,0,0,0,0,0,0,0,,
2022-09-09 22:00:00,0.053,0.7,0.401,9.6,0.169,39,0.485,18.2,1.2,782.3,0,0,0,0,0,0,0,0,0,0,0,0,,
2022-09-09 23:00:00,0.03,0.7,0.401,9.6,0.168,36,0.485,18.1,1.3,782.3,0,0,0,0,0,0,0,0,0,0,0,0,,
2022-09-10 00:00:00,0.021,0.7,0.4,9.6,0.168,35,0.485,17.6,-1.2,782.3,0,0,0,0,0,0,0,0,0,0,0,0,,
2022-09-10 01:00:00,0.018,0.7,0.4,9.6,0.167,35,0.484,16.8,0.1,781.9,0,0,0,0,0,0,0,0,0,0,0,0,,
2022-09-10 02:00:00,0.011,0.7,0.399,9.6,0.167,36,0.484,16.2,-1.3,781.9,0,0,0,0,0,0,0,0,0,0,0,0,,
2022-09-10 03:00:00,0.009,0.7,0.399,9.6,0.167,36,0.484,15.2,2.1,781.9,0,0,0,0,0,0,0,0,0,0,0,0,,
2022-09-10 04:00:00,0.013,0.701,0.4,9.6,0.168,36,0.484,14.3,2.2,781.9,0,0,0,0,0,0,0,0,0,0,0,0,,
2022-09-10 05:00:00,0.015,0.7,0.401,9.6,0.168,37,0.484,14.5,0.9,781.9,0,0,0,0,0,0,0,0,0,0,0,0,,
2022-09-10 06:00:00,0.016,0.701,0.402,9.7,0.169,37,0.485,14.9,1.1,781.9,0,0,0,0,0,0,0,0,0,0,0,0,,
2022-09-10 07:00:00,0.018,0.7,0.404,9.7,0.17,37,0.486,15,-1.2,781.9,0,0,0,0,0,0,0,0,0,0,0,0,,
2022-09-10 08:00:00,0.031,0.7,0.405,9.7,0.171,37,0.487,15.4,1.8,781.9,0,0,0,0,0,0,0,0,0,0,0,0,,
2022-09-10 09:00:00,0.041,0.7,0.407,9.8,0.172,37,0.487,16.1,-1.7,781.9,0,0,0,0,0,0,0,0,0,0,0,0,,
2022-09-10 10:00:00,0.033,0.7,0.408,9.9,0.173,37,0.488,17.3,-1.7,781.9,0,0,0,0,0,0,0,0,0,0,0,0,,
2022-09-10 11:00:00,0.026,0.7,0.409,9.9,0.173,36,0.488,18.7,-1.6,781.9,0,0,0,0,0,0,0,0,0,0,0,0,,
2022-09-10 12:00:00,0.034,0.701,0.408,9.9,0.173,35,0.488,20.4,-0.8,781.9,0,0,0,0,0,0,0,0,0,0,0,0,,
2022-09-10 13:00:00,0.04,0.7,0.407,9.8,0.173,35,0.488,21.7,-0.2,781.9,0,0,0,0,0,0,0,0,0,0,0,0,,
2022-09-10 14:00:00,0.029,0.701,0.405,9.8,0.172,34,0.488,23,-0.5,781.9,0,0,0,0,0,0,0,0,0,0,0,0,,
2022-09-10 15:00:00,0.027,0.7,0.402,9.6,0.169,34,0.487,24.3,-1,781.9,0,0,0,0,0,0,0,0,0,0,0,0,,
2022-09-10 16:00:00,0.025,0.7,0.396,9.4,0.165,32,0.485,25.7,-0.3,781.9,0,0,0,0,0,0,0,0,0,0,0,0,,
2022-09-10 17:00:00,0.024,0.7,0.403,9.6,0.169,32,0.489,25.4,-1.3,781.9,0,0,0,0,0,0,0,0,0,0,0,0,,
2022-09-10 18:00:00,0.025,0.7,0.41,9.9,7.8,33,0.491,24.7,-0.9,781.9,0,0,0,0,0,0,0,0,0,0,0,0,,
2022-09-10 19:00:00,0.028,0.7,0.411,10,7.9,33,0.491,23,-0.3,781.9,0,0,0,0,0,0,0,0,0,0,0,0,,
2022-09-10 20:00:00,0.038,0.7,0.411,10,7.9,33,0.491,22,-0.8,781.9,0,0,0,0,0,0,0,0,0,0,0,0,,
2022-09-10 21:00:00,0.028,0.7,0.411,10,7.9,34,0.491,21,-0.1,781.9,0,0,0,0,0,0,0,0,0,0,0,0,,
2022-09-10 22:00:00,0.022,0.7,0.411,10,7.9,36,0.491,19.9,-0.5,781.9,0,0,0,0,0,0,0,0,0,0,0,0,,
2022-09-10 23:00:00,0.018,0.7,0.412,10,7.9,37,0.491,18.8,-0.2,781.9,0,0,0,0,0,0,0,0,0,0,0,0,,
2022-09-11 00:00:00,0.011,0.7,0.412,10,7.9,38,0.491,17.6,-0.6,781.9,0,0,0,0,0,0,0,0,0,0,0,0,,
2022-09-11 01:00:00,0.011,0.7,0.413,10,7.9,40,0.491,16.9,-1.5,782.5,0,0,0,0,0,0,0,0,0,0,0,0,,
2022-09-11 02:00:00,0.013,0.7,0.413,10.1,7.9,41,0.491,17.1,0.8,782.5,0,0,0,0,0,0,0,0,0,0,0,0,,
2022-09-11 03:00:00,0.01,0.701,0.413,10.1,7.9,41,0.491,16.6,0.9,782.5,0,0,0,0,0,0,0,0,0,0,0,0,,
2022-09-11 04:00:00,0.013,0.7,0.414,10.1,8,42,0.491,16.5,3.6,782.5,0,0,0,0,0,0,0,0,0,0,0,0,,
2022-09-11 05:00:00,0.017,0.701,0.415,10.1,8,43,0.491,16.2,-1.9,782.5,0,0,0,0,0,0,0,0,0,0,0,0,,
2022-09-11 06:00:00,0.01,0.7,0.416,10.2,8,42,0.491,15.9,-0.4,782.5,0,0,0,0,0,0,0,0,0,0,0,0,,
2022-09-11 07:00:00,0.008,0.7,0.417,10.2,8.1,42,0.491,16,2.6,782.5,0,0,0,0,0,0,0,0,0,0,0,0,,
2022-09-11 08:00:00,0.014,0.7,0.418,10.3,8.1,43,0.492,16.9,1.6,782.5,0,0,0,0,0,0,0,0,0,0,0,0,,
2022-09-11 09:00:00,0.021,0.701,0.418,10.3,8.1,42,0.492,19.5,-0.8,782.5,0,0,0,0,0,0,0,0,0,0,0,0,,
2022-09-11 10:00:00,0.026,0.7,0.418,10.3,8.1,40,0.493,20.6,-0.1,782.5,0,0,0,0,0,0,0,0,0,0,0,0,,
2022-09-11 11:00:00,0.033,0.7,0.419,10.3,8.1,39,0.493,22.9,-0.2,782.5,0,0,0,0,0,0,0,0,0,0,0,0,,
2022-09-11 12:00:00,0.037,0.701,0.418,10.2,8.1,39,0.493,23.7,-1,782.5,0,0,0,0,0,0,0,0,0,0,0,0,,
2022-09-11 13:00:00,0.025,0.701,0.418,10.2,8,38,0.493,25.2,-0.3,782.5,0,0,0,0,0,0,0,0,0,0,0,0,,
2022-09-11 14:00:00,0.023,0.7,0.416,10.1,8,37,0.493,26.8,-1.2,782.5,0,0,0,0,0,0,0,0,0,0,0,0,,
2022-09-11 15:00:00,0.021,0.7,0.415,10.1,7.9,36,0.492,26.2,-1.7,782.5,0,0,0,0,0,0,0,0,0,0,0,0,,
2022-09-11 16:00:00,0.021,0.7,0.412,10,7.9,35,0.492,27.2,1.2,782.5,0,0,0,0,0,0,0,0,0,0,0,0,,
2022-09-11 17:00:00,0.017,0.7,0.408,9.9,7.8,34,0.491,27.2,0.7,782.5,0,0,0,0,0,0,0,0,0,0,0,0,,
2022-09-11 18:00:00,0.021,0.7,0.406,9.8,7.7,35,0.49,24.8,2.7,782.5,0,0,0,0,0,0,0,0,0,0,0,0,,
2022-09-11 19:00:00,0.022,0.7,0.404,9.7,7.6,37,0.489,22.7,-3.1,782.5,0,0,0,0,0,0,0,0,0,0,0,0,,
2022-09-11 20:00:00,0.021,0.7,0.402,9.6,7.6,36,0.488,21.9,0.6,782.5,0,0,0,0,0,0,0,0,0,0,0,0,,
2022-09-11 21:00:00,0.027,0.7,0.4,9.6,7.5,35,0.487,21.3,0.6,782.5,0,0,0,0,0,0,0,0,0,0,0,0,,
2022-09-11 22:00:00,0.016,0.7,0.399,9.5,7.5,36,0.486,20.2,0.1,782.5,0,0,0,0,0,0,0,0,0,0,0,0,,
2022-09-11 23:00:00,0.02,0.7,0.399,9.5,7.5,37,0.486,19.2,1.4,782.5,0,0,0,0,0,0,0,0,0,0,0,0,,
2022-09-12 00:00:00,0.012,0.7,0.4,9.5,7.5,38,0.486,18,-0.8,782.5,0,0,0,0,0,0,0,0,0,0,0,0,,
2022-09-12 01:00:00,0.01,0.7,0.402,9.6,7.5,39,0.487,17.5,1.8,784.4,0,0,0,0,0,0,0,0,0,0,0,0,,
2022-09-12 02:00:00,0.011,0.7,0.403,9.6,7.6,40,0.487,17.1,0,784.4,0,0,0,0,0,0,0,0,0,0,0,0,,
2022-09-12 03:00:00,0.009,0.7,0.404,9.7,7.6,41,0.488,17,2.6,784.4,0,0,0,0,0,0,0,0,0,0,0,0,,
2022-09-12 04:00:00,0.011,0.7,0.406,9.8,7.7,40,0.488,16.7,0.7,784.4,0,0,0,0,0,0,0,0,0,0,0,0,,
2022-09-12 05:00:00,0.01,0.7,0.408,9.9,7.8,41,0.49,16.5,-1.5,784.4,0,0,0,0,0,0,0,0,0,0,0,0,,
2022-09-12 06:00:00,0.013,0.7,0.41,9.9,7.8,41,0.49,16.3,1,784.4,0,0,0,0,0,0,0,0,0,0,0,0,,
2022-09-12 07:00:00,0.012,0.7,0.411,10,7.9,41,0.49,15.8,-1.5,784.4,0,0,0,0,0,0,0,0,0,0,0,0,,
2022-09-12 08:00:00,0.014,0.701,0.413,10,7.9,41,0.49,16.4,0,784.4,0,0,0,0,0,0,0,0,0,0,0,0,,
2022-09-12 09:00:00,0.013,0.7,0.415,10.1,0.178,40,0.491,17.6,-0.9,784.4,0,0,0,0,0,0,0,0,0,0,0,0,,
2022-09-12 10:00:00,0.011,0.7,0.416,10.1,0.178,39,0.491,19.4,0.4,784.4,0,0,0,0,0,0,0,0,0,0,0,0,,
2022-09-12 11:00:00,0.015,0.7,0.415,10.1,0.178,38,0.491,22.4,0.8,784.4,0,0,0,0,0,0,0,0,0,0,0,0,,
2022-09-12 12:00:00,0.015,0.7,0.415,10.1,0.178,38,0.492,23.9,-0.2,784.4,0,0,0,0,0,0,0,0,0,0,0,0,,
2022-09-12 13:00:00,0.02,0.701,0.414,10.1,0.177,37,0.492,25.7,-1.3,784.4,0,0,0,0,0,0,0,0,0,0,0,0,,
2022-09-12 14:00:00,0.018,0.7,0.413,10,0.177,36,0.492,26.5,-0.7,784.4,0,0,0,0,0,0,0,0,0,0,0,0,,
2022-09-12 15:00:00,0.025,0.701,0.411,10,0.176,36,0.492,27.2,-0.8,784.4,0,0,0,0,0,0,0,0,0,0,0,0,,
2022-09-12 16:00:00,0.025,0.7,0.408,9.9,0.174,36,0.491,26,-0.7,784.4,0,0,0,0,0,0,0,0,0,0,0,0,,
2022-09-12 17:00:00,0.029,0.7,0.405,9.8,0.172,38,0.49,24.9,0.8,784.4,0,0,0,0,0,0,0,0,0,0,0,0,,
2022-09-12 18:00:00,0.032,0.7,0.402,9.7,0.17,39,0.488,23.3,-0.8,784.4,0,0,0,0,0,0,0,0,0,0,0,0,,
2022-09-12 19:00:00,0.026,0.7,0.4,9.6,0.168,39,0.487,22.3,-1.6,784.4,0,0,0,0,0,0,0,0,0,0,0,0,,
2022-09-12 20:00:00,0.049,0.7,0.398,9.5,0.166,39,0.486,21.4,-1.7,784.4,0,0,0,0,0,0,0,0,0,0,0,0,,
2022-09-12 21:00:00,0.028,0.7,0.397,9.4,0.165,38,0.485,20.9,-0.8,784.4,0,0,0,0,0,0,0,0,0,0,0,0,,
2022-09-12 22:00:00,0.027,0.7,0.397,9.4,0.165,38,0.485,20.7,2.5,784.4,0,0,0,0,0,0,0,0,0,0,0,0,,
2022-09-12 23:00:00,0.021,0.7,0.397,9.4,0.164,36,0.485,20.1,0.6,784.4,0,0,0,0,0,0,0,0,0,0,0,0,,
2022-09-13 00:00:00,0.017,0.7,0.399,9.4,0.165,36,0.485,19,-1.8,784.4,0,0,0,0,0,0,0,0,0,0,0,0,,
2022-09-13 01:00:00,0.014,0.7,0.399,9.5,0.166,37,0.485,18.2,-1,780,0,0,0,0,0,0,0,0,0,0,0,0,,
2022-09-13 02:00:00,0.011,0.7,0.401,9.6,0.167,38,0.486,17.6,0.3,780,0,0,0,0,0,0,0,0,0,0,0,0,,
2022-09-13 03:00:00,0.013,0.7,0.404,9.6,0.169,38,0.487,16.7,-1.4,780,0,0,0,0,0,0,0,0,0,0,0,0,,
2022-09-13 04:00:00,0.012,0.701,0.406,9.7,0.171,39,0.488,16,-0.3,780,0,0,0,0,0,0,0,0,0,0,0,0,,
2022-09-13 05:00:00,0.017,0.7,0.408,9.8,0.173,39,0.489,15.9,2.4,780,0,0,0,0,0,0,0,0,0,0,0,0,,
2022-09-13 06:00:00,0.012,0.7,0.411,9.9,0.174,40,0.49,15.6,-1.3,780,0,0,0,0,0,0,0,0,0,0,0,0,,
2022-09-13 07:00:00,0.011,0.7,0.413,10,0.175,40,0.49,15.5,0,780,0,0,0,0,0,0,0,0,0,0,0,0,,
2022-09-13 08:00:00,0.013,0.7,0.414,10,0.176,40,0.49,17,0,780,0,0,0,0,0,0,0,0,0,0,0,0,,
2022-09-13 09:00:00,0.017,0.7,0.414,10,0.177,39,0.491,18.4,0.2,780,0,0,0,0,0,0,0,0,0,0,0,0,,
2022-09-13 10:00:00,0.017,0.7,0.415,10.1,0.177,39,0.491,20.4,-0.3,780,0,0,0,0,0,0,0,0,0,0,0,0,,
2022-09-13 11:00:00,0.019,0.7,0.415,10.1,0.177,39,0.491,21.5,-3.3,780,0,0,0,0,0,0,0,0,0,0,0,0,,
2022-09-13 12:00:00,0.006,0.7,0.415,10.1,0.177,39,0.491,23.8,1.9,780,0,0,0,0,0,0,0,0,0,0,0,0,,
2022-09-13 13:00:00,0.016,0.7,0.414,10,0.176,38,0.491,25.3,-0.1,780,0,0,0,0,0,0,0,0,0,0,0,0,,
2022-09-13 14:00:00,0.02,0.701,0.411,10,0.176,38,0.491,25.3,-0.1,780,0,0,0,0,0,0,0,0,0,0,0,0,,
2022-09-13 15:00:00,0.024,0.7,0.408,9.9,0.174,37,0.491,26,-0.3,780,0,0,0,0,0,0,0,0,0,0,0,0,,
2022-09-13 16:00:00,0.024,0.7,0.404,9.7,0.171,37,0.49,25.7,-0.2,780,0,0,0,0,0,0,0,0,0,0,0,0,,
2022-09-13 17:00:00,0.029,0.7,0.4,9.6,0.168,38,0.488,24.1,0.2,780,0,0,0,0,0,0,0,0,0,0,0,0,,
2022-09-13 18:00:00,0.024,0.7,0.399,9.5,0.167,39,0.487,22.8,-0.6,780,0,0,0,0,0,0,0,0,0,0,0,0,,
2022-09-13 19:00:00,0.025,0.7,0.397,9.4,0.165,38,0.485,21.6,0,780,0,0,0,0,0,0,0,0,0,0,0,0,,
2022-09-13 20:00:00,0.024,0.701,0.396,9.4,0.164,36,0.485,20.8,-0.4,780,0,0,0,0,0,0,0,0,0,0,0,0,,
2022-09-13 21:00:00,0.023,0.7,0.394,9.3,0.163,36,0.484,20.9,-1.7,780,0,0,0,0,0,0,0,0,0,0,0,0,,
2022-09-13 22:00:00,0.025,0.7,0.394,9.3,0.162,36,0.484,20.6,-0.2,780,0,0,0,0,0,0,0,0,0,0,0,0,,
2022-09-13 23:00:00,0.016,0.7,0.394,9.3,0.162,36,0.483,19.3,0.2,780,0,0,0,0,0,0,0,0,0,0,0,0,,
2022-09-14 00:00:00,0.012,0.701,0.395,9.3,0.163,37,0.484,18.7,0.1,780,0,0,0,0,0,0,0,0,0,0,0,0,,
2022-09-14 01:00:00,0.01,0.7,0.396,9.4,0.164,38,0.484,18.1,-1,781.5,0,0,0,0,0,0,0,0,0,0,0,0,,
2022-09-14 02:00:00,0.01,0.7,0.399,9.4,0.165,36,0.485,17.7,0.9,781.5,0,0,0,0,0,0,0,0,0,0,0,0,,
2022-09-14 03:00:00,0.01,0.7,0.4,9.5,0.167,35,0.486,17.4,-2.7,781.5,0,0,0,0,0,0,0,0,0,0,0,0,,
2022-09-14 04:00:00,0.007,0.701,0.404,9.6,0.169,35,0.487,16.7,-1.2,781.5,0,0,0,0,0,0,0,0,0,0,0,0,,
2022-09-14 05:00:00,0.005,0.7,0.405,9.7,0.171,35,0.488,16.4,-1,781.5,0,0,0,0,0,0,0,0,0,0,0,0,,
2022-09-14 06:00:00,0.009,0.7,0.409,9.8,0.173,36,0.489,16.6,1.3,781.5,0,0,0,0,0,0,0,0,0,0,0,0,,
2022-09-14 07:00:00,0.016,0.7,0.41,9.9,0.175,37,0.49,16.4,1.7,781.5,0,0,0,0,0,0,0,0,0,0,0,0,,
2022-09-14 08:00:00,0.026,0.7,0.411,10,0.175,37,0.49,16.1,-0.9,781.5,0,0,0,0,0,0,0,0,0,0,0,0,,
2022-09-14 09:00:00,0.014,0.701,0.413,10,0.176,38,0.49,17.2,1.7,781.5,0,0,0,0,0,0,0,0,0,0,0,0,,
2022-09-14 10:00:00,0.016,0.7,0.413,10,0.176,37,0.491,18.5,1.5,781.5,0,0,0,0,0,0,0,0,0,0,0,0,,
2022-09-14 11:00:00,0.022,0.7,0.412,10,0.176,37,0.491,19.8,-1.1,781.5,0,0,0,0,0,0,0,0,0,0,0,0,,
2022-09-14 12:00:00,0.042,0.7,0.411,10,0.176,36,0.491,21.3,-0.5,781.5,0,0,0,0,0,0,0,0,0,0,0,0,,
2022-09-14 13:00:00,0.031,0.7,0.412,10,0.176,36,0.491,22,1.3,781.5,0,0,0,0,0,0,0,0,0,0,0,0,,
2022-09-14 14:00:00,0.029,0.7,0.412,10,0.176,36,0.491,22.1,-0.4,781.5,0,0,0,0,0,0,0,0,0,0,0,0,,
2022-09-14 15:00:00,0.027,0.7,0.413,10,0.176,37,0.491,21.6,-0.8,781.5,0,0,0,0,0,0,0,0,0,0,0,0,,
2022-09-14 16:00:00,0.029,0.7,0.412,10,0.176,38,0.491,21.7,-2.6,781.5,0,0,0,0,0,0,0,0,0,0,0,0,,
2022-09-14 17:00:00,0.026,0.7,0.411,10,0.176,37,0.491,21.7,0,781.5,0,0,0,0,0,0,0,0,0,0,0,0,,
2022-09-14 18:00:00,0.028,0.7,0.411,10,0.176,38,0.491,21.7,0.1,781.5,0,0,0,0,0,0,0,0,0,0,0,0,,
2022-09-14 19:00:00,0.033,0.7,0.411,10,0.176,38,0.491,20.9,-0.2,781.5,0,0,0,0,0,0,0,0,0,0,0,0,,
2022-09-14 20:00:00,0.04,0.701,0.41,10,0.176,38,0.491,20.6,0.7,781.5,0,0,0,0,0,0,0,0,0,0,0,0,,
2022-09-14 21:00:00,0.05,0.7,0.41,10,0.176,37,0.491,20.5,1.3,781.5,0,0,0,0,0,0,0,0,0,0,0,0,,
2022-09-14 22:00:00,0.034,0.7,0.41,10,0.176,36,0.491,19.9,1,781.5,0,0,0,0,0,0,0,0,0,0,0,0,,
2022-09-14 23:00:00,0.025,0.7,0.411,10,0.176,36,0.491,19.3,0.8,781.5,0,0,0,0,0,0,0,0,0,0,0,0,,
2022-09-15 00:00:00,0.015,0.7,0.412,10,0.176,37,0.491,18.2,2.3,781.5,0,0,0,0,0,0,0,0,0,0,0,0,,
2022-09-15 01:00:00,0.01,0.7,0.414,10,0.177,37,0.491,17.5,0.2,784.4,0,0,0,0,0,0,0,0,0,0,0,0,,
2022-09-15 02:00:00,0.011,0.701,0.414,10,0.177,39,0.491,16.7,-1.4,784.4,0,0,0,0,0,0,0,0,0,0,0,0,,
2022-09-15 03:00:00,0.01,0.7,0.415,10.1,0.178,40,0.491,16.1,0.8,784.4,0,0,0,0,0,0,0,0,0,0,0,0,,
2022-09-15 04:00:00,0.011,0.7,0.415,10.1,0.178,41,0.491,15.9,-0.1,784.4,0,0,0,0,0,0,0,0,0,0,0,0,,
2022-09-15 05:00:00,0.008,0.7,0.415,10.1,0.179,41,0.491,15.6,2.1,784.4,0,0,0,0,0,0,0,0,0,0,0,0,,
2022-09-15 06:00:00,0.007,0.7,0.417,10.2,0.179,41,0.491,14.9,-0.2,784.4,0,0,0,0,0,0,0,0,0,0,0,0,,
2022-09-15 07:00:00,0.014,0.7,0.418,10.2,0.18,41,0.491,14.6,0.4,784.4,0,0,0,0,0,0,0,0,0,0,0,0,,
2022-09-15 08:00:00,0.024,0.7,0.418,10.2,0.181,41,0.491,15.1,0.3,784.4,0,0,0,0,0,0,0,0,0,0,0,0,,
2022-09-15 09:00:00,0.032,0.7,0.419,10.3,0.181,41,0.492,16.3,1.7,784.4,0,0,0,0,0,0,0,0,0,0,0,0,,
2022-09-15 10:00:00,0.041,0.7,0.419,10.3,0.182,41,0.492,17,-2.1,784.4,0,0,0,0,0,0,0,0,0,0,0,0,,
2022-09-15 11:00:00,0.033,0.7,0.419,10.3,0.182,40,0.493,18.1,1.3,784.4,0,0,0,0,0,0,0,0,0,0,0,0,,
2022-09-15 12:00:00,0.045,0.7,0.42,10.3,0.182,39,0.493,18.7,1.4,784.4,0,0,0,0,0,0,0,0,0,0,0,0,,
2022-09-15 13:00:00,0.027,0.7,0.42,10.3,0.183,39,0.493,19.5,0.8,784.4,0,0,0,0,0,0,0,0,0,0,0,0,,
2022-09-15 14:00:00,0.031,0.7,0.419,10.3,0.182,36,0.493,22.4,-0.3,784.4,0,0,0,0,0,0,0,0,0,0,0,0,,
2022-09-15 15:00:00,0.028,0.7,0.419,10.3,0.181,35,0.493,22.3,0.8,784.4,0,0,0,0,0,0,0,0,0,0,0,0,,
2022-09-15 16:00:00,0.023,0.7,0.418,10.2,0.181,35,0.493,23,0.8,784.4,0,0,0,0,0,0,0,0,0,0,0,0,,
2022-09-15 17:00:00,0.029,0.7,0.416,10.2,0.18,34,0.493,22.5,0.1,784.4,0,0,0,0,0,0,0,0,0,0,0,0,,
2022-09-15 18:00:00,0.025,0.7,0.415,10.2,0.179,34,0.492,22.1,-1.3,784.4,0,0,0,0,0,0,0,0,0,0,0,0,,
2022-09-15 19:00:00,0.043,0.7,0.414,10.1,0.179,35,0.492,21.5,1.6,784.4,0,0,0,0,0,0,0,0,0,0,0,0,,
2022-09-15 20:00:00,0.037,0.7,0.413,10.1,0.179,36,0.492,20.7,2.9,784.4,0,0,0,0,0,0,0,0,0,0,0,0,,
2022-09-15 21:00:00,0.034,0.7,0.414,10.1,0.178,35,0.491,20.1,1.8,784.4,0,0,0,0,0,0,0,0,0,0,0,0,,
2022-09-15 22:00:00,0.029,0.7,0.414,10.1,0.178,37,0.491,19.2,0.5,784.4,0,0,0,0,0,0,0,0,0,0,0,0,,
2022-09-15 23:00:00,0.011,0.7,0.415,10.1,0.178,37,0.491,18.8,-1,784.4,0,0,0,0,0,0,0,0,0,0,0,0,,
2022-09-16 00:00:00,0.01,0.7,0.416,10.1,0.178,38,0.491,18.1,0.7,784.4,0,0,0,0,0,0,0,0,0,0,0,0,,
2022-09-16 01:00:00,0.011,0.701,0.416,10.1,0.178,39,0.491,17.4,-1,782.8,0,0,0,0,0,0,0,0,0,0,0,0,,
2022-09-16 02:00:00,0.01,0.701,0.415,10.1,0.178,39,0.491,16.6,1.3,782.8,0,0,0,0,0,0,0,0,0,0,0,0,,
2022-09-16 03:00:00,0.007,0.7,0.415,10.1,0.178,39,0.491,16.3,-0.9,782.8,0,0,0,0,0,0,0,0,0,0,0,0,,
2022-09-16 04:00:00,0.013,0.7,0.415,10.1,0.179,41,0.491,15.9,-0.2,782.8,0,0,0,0,0,0,0,0,0,0,0,0,,
2022-09-16 05:00:00,0.011,0.701,0.416,10.2,0.179,43,0.491,15.2,-1.1,782.8,0,0,0,0,0,0,0,0,0,0,0,0,,
2022-09-16 06:00:00,0.018,0.7,0.417,10.2,0.18,43,0.491,15.1,0.7,782.8,0,0,0,0,0,0,0,0,0,0,0,0,,
2022-09-16 07:00:00,0.021,0.7,0.417,10.2,0.181,42,0.491,15.6,1.3,782.8,0,0,0,0,0,0,0,0,0,0,0,0,,
2022-09-16 08:00:00,0.019,0.7,0.419,10.3,0.181,41,0.492,15.9,-0.6,782.8,0,0,0,0,0,0,0,0,0,0,0,0,,
2022-09-16 09:00:00,0.027,0.7,0.419,10.3,0.181,41,0.492,16.2,0.1,782.8,0,0,0,0,0,0,0,0,0,0,0,0,,
2022-09-16 10:00:00,0.021,0.7,0.42,10.3,0.182,40,0.493,18.1,0.7,782.8,0,0,0,0,0,0,0,0,0,0,0,0,,
2022-09-16 11:00:00,0.018,0.701,0.42,10.3,0.182,36,0.493,20,-0.8,782.8,0,0,0,0,0,0,0,0,0,0,0,0,,
2022-09-16 12:00:00,0.015,0.7,0.421,10.3,0.183,34,0.493,22.4,1,782.8,0,0,0,0,0,0,0,0,0,0,0,0,,
2022-09-16 13:00:00,0.013,0.7,0.42,10.3,0.182,33,0.493,22.8,0.3,782.8,0,0,0,0,0,0,0,0,0,0,0,0,,
2022-09-16 14:00:00,0.012,0.7,0.418,10.3,0.181,32,0.493,23.7,0.1,782.8,0,0,0,0,0,0,0,0,0,0,0,0,,
2022-09-16 15:00:00,0.012,0.701,0.417,10.2,0.181,32,0.493,25.4,-1.9,782.8,0,0,0,0,0,0,0,0,0,0,0,0,,
2022-09-16 16:00:00,0.011,0.7,0.415,10.2,0.18,31,0.493,25.8,0.4,782.8,0,0,0,0,0,0,0,0,0,0,0,0,,
2022-09-16 17:00:00,0.02,0.7,0.415,10.2,0.179,30,0.493,25.3,-1.5,782.8,0,0,0,0,0,0,0,0,0,0,0,0,,
2022-09-16 18:00:00,0.018,0.7,0.413,10.1,0.178,30,0.493,24.4,-0.8,782.8,0,0,0,0,0,0,0,0,0,0,0,0,,
2022-09-16 19:00:00,0.017,0.7,0.412,10,0.177,30,0.492,23.3,1.4,782.8,0,0,0,0,0,0,0,0,0,0,0,0,,
2022-09-16 20:00:00,0.026,0.7,0.41,10,0.176,33,0.491,22,-1.2,782.8,0,0,0,0,0,0,0,0,0,0,0,0,,
2022-09-16 21:00:00,0.021,0.7,0.41,10,0.176,34,0.491,20.9,0.2,782.8,0,0,0,0,0,0,0,0,0,0,0,0,,
2022-09-16 22:00:00,0.029,0.7,0.408,9.9,0.175,35,0.491,20.3,-0.8,782.8,0,0,0,0,0,0,0,0,0,0,0,0,,
2022-09-16 23:00:00,0.016,0.7,0.408,9.9,0.175,37,0.49,19.1,1.4,782.8,0,0,0,0,0,0,0,0,0,0,0,0,,
2022-09-17 00:00:00,0.009,0.7,0.409,9.9,0.175,40,0.49,17.9,1.4,782.8,0,0,0,0,0,0,0,0,0,0,0,0,,
2022-09-17 01:00:00,0.014,0.7,0.41,10,0.176,41,0.49,17.3,-1.9,781.4,0,0,0,0,0,0,0,0,0,0,0,0,,
2022-09-17 02:00:00,0.01,0.7,0.41,10,0.176,42,0.49,17.1,1.4,781.4,0,0,0,0,0,0,0,0,0,0,0,0,,
2022-09-17 03:00:00,0.008,0.7,0.41,10,0.176,42,0.49,16.7,0.7,781.4,0,0,0,0,0,0,0,0,0,0,0,0,,
2022-09-17 04:00:00,0.011,0.7,0.41,10,0.176,43,0.49,16.2,2.2,781.4,0,0,0,0,0,0,0,0,0,0,0,0,,
2022-09-17 05:00:00,0.015,0.7,0.411,10,0.176,43,0.49,16.3,-1.5,781.4,0,0,0,0,0,0,0,0,0,0,0,0,,
2022-09-17 06:00:00,0.016,0.7,0.411,10.1,0.178,43,0.491,16.1,0.3,781.4,0,0,0,0,0,0,0,0,0,0,0,0,,
2022-09-17 07:00:00,0.017,0.7,0.413,10.1,0.179,43,0.491,16.4,-3.2,781.4,0,0,0,0,0,0,0,0,0,0,0,0,,
2022-09-17 08:00:00,0.026,0.7,0.415,10.2,0.179,44,0.491,16.1,-0.4,781.4,0,0,0,0,0,0,0,0,0,0,0,0,,
2022-09-17 09:00:00,0.028,0.7,0.413,10.2,0.179,43,0.491,16.9,0.9,781.4,0,0,0,0,0,0,0,0,0,0,0,0,,
2022-09-17 10:00:00,0.031,0.701,0.415,10.2,0.179,43,0.492,18.7,1.9,781.4,0,0,0,0,0,0,0,0,0,0,0,0,,
2022-09-17 11:00:00,0.023,0.7,0.415,10.2,0.179,40,0.492,20.9,-0.5,781.4,0,0,0,0,0,0,0,0,0,0,0,0,,
2022-09-17 12:00:00,0.03,0.701,0.415,10.2,0.179,39,0.492,22.2,-2,781.4,0,0,0,0,0,0,0,0,0,0,0,0,,
2022-09-17 13:00:00,0.034,0.7,0.414,10.1,0.179,37,0.492,23.4,-2.1,781.4,0,0,0,0,0,0,0,0,0,0,0,0,,
2022-09-17 14:00:00,0.021,0.701,0.413,10.1,0.178,36,0.493,25.8,-0.5,781.4,0,0,0,0,0,0,0,0,0,0,0,0,,
2022-09-17 15:00:00,0.023,0.7,0.412,10.1,0.178,35,0.493,26,-1.9,781.4,0,0,0,0,0,0,0,0,0,0,0,0,,
2022-09-17 16:00:00,0.018,0.7,0.41,10,0.177,36,0.492,25.1,0.5,781.4,0,0,0,0,0,0,0,0,0,0,0,0,,
2022-09-17 17:00:00,0.018,0.7,0.408,10,0.176,36,0.491,24.2,0.7,781.4,0,0,0,0,0,0,0,0,0,0,0,0,,
2022-09-17 18:00:00,0.017,0.7,0.407,9.9,0.175,36,0.491,22.6,-1.2,781.4,0,0,0,0,0,0,0,0,0,0,0,0,,
2022-09-17 19:00:00,0.021,0.7,0.407,9.9,0.174,37,0.49,21.5,0.3,781.4,0,0,0,0,0,0,0,0,0,0,0,0,,
2022-09-17 20:00:00,0.035,0.7,0.404,9.8,0.173,36,0.49,20.7,-1,781.4,0,0,0,0,0,0,0,0,0,0,0,0,,
2022-09-17 21:00:00,0.04,0.7,0.404,9.7,0.172,35,0.489,20,-1.9,781.4,0,0,0,0,0,0,0,0,0,0,0,0,,
2022-09-17 22:00:00,0.023,0.7,0.404,9.7,0.171,35,0.488,19.5,0.3,781.4,0,0,0,0,0,0,0,0,0,0,0,0,,
2022-09-17 23:00:00,0.012,0.7,0.403,9.7,0.171,35,0.488,19.2,1.7,781.4,0,0,0,0,0,0,0,0,0,0,0,0,,
2022-09-18 00:00:00,0.011,0.7,0.403,9.7,0.172,35,0.489,18.6,-0.1,781.4,0,0,0,0,0,0,0,0,0,0,0,0,,
2022-09-18 01:00:00,0.014,0.701,0.405,9.8,0.172,36,0.489,18.1,1.5,783.3,0,0,0,0,0,0,0,0,0,0,0,0,,
2022-09-18 02:00:00,0.009,0.7,0.406,9.8,0.173,37,0.489,17.6,-1.4,783.3,0,0,0,0,0,0,0,0,0,0,0,0,,
2022-09-18 03:00:00,0.011,0.7,0.407,9.9,0.174,38,0.49,17.1,0.9,783.3,0,0,0,0,0,0,0,0,0,0,0,0,,
2022-09-18 04:00:00,0.013,0.701,0.408,9.9,0.175,38,0.49,16.2,-1,783.3,0,0,0,0,0,0,0,0,0,0,0,0,,
2022-09-18 05:00:00,0.011,0.702,0.41,10,0.176,39,0.49,15.8,1.5,783.3,0,0,0,0,0,0,0,0,0,0,0,0,,
2022-09-18 06:00:00,0.017,0.7,0.41,10,0.176,39,0.49,15.9,-2.4,783.3,0,0,0,0,0,0,0,0,0,0,0,0,,
2022-09-18 07:00:00,0.012,0.701,0.411,10,0.177,39,0.491,15.7,-0.6,783.3,0,0,0,0,0,0,0,0,0,0,0,0,,
2022-09-18 08:00:00,0.017,0.7,0.413,10.1,0.178,40,0.491,16,1.2,783.3,0,0,0,0,0,0,0,0,0,0,0,0,,
2022-09-18 09:00:00,0.026,0.7,0.414,10.1,0.179,41,0.491,16.1,-0.2,783.3,0,0,0,0,0,0,0,0,0,0,0,0,,
2022-09-18 10:00:00,0.022,0.7,0.415,10.2,0.179,42,0.491,17,0.3,783.3,0,0,0,0,0,0,0,0,0,0,0,0,,
2022-09-18 11:00:00,0.017,0.7,0.415,10.2,0.179,40,0.492,18.7,-0.4,783.3,0,0,0,0,0,0,0,0,0,0,0,0,,
2022-09-18 12:00:00,0.016,0.701,0.415,10.2,0.179,38,0.492,20,-1.2,783.3,0,0,0,0,0,0,0,0,0,0,0,0,,
2022-09-18 13:00:00,0.02,0.701,0.416,10.2,0.179,38,0.492,21,0.1,783.3,0,0,0,0,0,0,0,0,0,0,0,0,,
2022-09-18 14:00:00,0.028,0.7,0.415,10.1,0.179,37,0.492,22.3,-0.8,783.3,0,0,0,0,0,0,0,0,0,0,0,0,,
2022-09-18 15:00:00,0.016,0.701,0.415,10.1,0.178,36,0.492,23.6,1.2,783.3,0,0,0,0,0,0,0,0,0,0,0,0,,
2022-09-18 16:00:00,0.014,0.701,0.414,10.1,0.178,35,0.493,24.5,0,783.3,0,0,0,0,0,0,0,0,0,0,0,0,,
2022-09-18 17:00:00,0.016,0.701,0.413,10.1,0.178,35,0.493,24.4,0.4,783.3,0,0,0,0,0,0,0,0,0,0,0,0,,
2022-09-18 18:00:00,0.02,0.7,0.413,10.1,0.178,36,0.492,23.2,0.6,783.3,0,0,0,0,0,0,0,0,0,0,0,0,,
2022-09-18 19:00:00,0.03,0.7,0.412,10,0.177,36,0.491,22.3,0.8,783.3,0,0,0,0,0,0,0,0,0,0,0,0,,
2022-09-18 20:00:00,0.029,0.7,0.411,10,0.176,35,0.491,21.4,1.9,783.3,0,0,0,0,0,0,0,0,0,0,0,0,,
2022-09-18 21:00:00,0.025,0.7,0.411,10,0.176,37,0.491,20.1,-2.1,783.3,0,0,0,0,0,0,0,0,0,0,0,0,,
2022-09-18 22:00:00,0.018,0.7,0.41,10,0.176,39,0.491,18.5,-0.2,783.3,0,0,0,0,0,0,0,0,0,0,0,0,,
2022-09-18 23:00:00,0.02,0.7,0.411,10,0.176,41,0.49,17.9,0.8,783.3,0,0,0,0,0,0,0,0,0,0,0,0,,
2022-09-19 00:00:00,0.009,0.701,0.411,10,0.176,42,0.49,17.9,0.3,783.3,0,0,0,0,0,0,0,0,0,0,0,0,,
2022-09-19 01:00:00,0.007,0.7,0.411,10,0.176,42,0.491,17.4,-1.1,780.3,0,0,0,0,0,0,0,0,0,0,0,0,,
2022-09-19 02:00:00,0.008,0.701,0.412,10,0.176,42,0.491,16.9,0.4,780.3,0,0,0,0,0,0,0,0,0,0,0,0,,
2022-09-19 03:00:00,0.017,0.7,0.413,10,0.177,43,0.491,16.7,0,780.3,0,0,0,0,0,0,0,0,0,0,0,0,,
2022-09-19 04:00:00,0.012,0.701,0.413,10.1,0.178,43,0.491,16.8,-1.5,780.3,0,0,0,0,0,0,0,0,0,0,0,0,,
2022-09-19 05:00:00,0.012,0.7,0.414,10.1,0.178,43,0.491,16.6,-2.8,780.3,0,0,0,0,0,0,0,0,0,0,0,0,,
2022-09-19 06:00:00,0.019,0.7,0.415,10.1,0.179,43,0.491,16.4,1.5,780.3,0,0,0,0,0,0,0,0,0,0,0,0,,
2022-09-19 07:00:00,0.016,0.7,0.415,10.2,0.179,43,0.491,16.5,0.4,780.3,0,0,0,0,0,0,0,0,0,0,0,0,,
2022-09-19 08:00:00,0.027,0.7,0.416,10.2,0.18,43,0.492,17,-0.9,780.3,0,0,0,0,0,0,0,0,0,0,0,0,,
2022-09-19 09:00:00,0.028,0.7,0.416,10.2,0.18,42,0.492,18.3,1.3,780.3,0,0,0,0,0,0,0,0,0,0,0,0,,
2022-09-19 10:00:00,0.024,0.7,0.416,10.2,0.18,39,0.492,20.6,0.7,780.3,0,0,0,0,0,0,0,0,0,0,0,0,,
2022-09-19 11:00:00,0.036,0.701,0.417,10.2,0.18,37,0.493,22.9,0.5,780.3,0,0,0,0,0,0,0,0,0,0,0,0,,
2022-09-19 12:00:00,0.036,0.7,0.417,10.2,0.179,35,0.493,24.6,0,780.3,0,0,0,0,0,0,0,0,0,0,0,0,,
2022-09-19 13:00:00,0.026,0.7,0.416,10.2,0.179,33,0.493,25.9,0.2,780.3,0,0,0,0,0,0,0,0,0,0,0,0,,
2022-09-19 14:00:00,0.017,0.701,0.415,10.1,0.178,32,0.493,27.3,1.2,780.3,0,0,0,0,0,0,0,0,0,0,0,0,,
2022-09-19 15:00:00,0.015,0.7,0.413,10.1,0.178,30,0.493,28.9,1,780.3,0,0,0,0,0,0,0,0,0,0,0,0,,
2022-09-19 16:00:00,0.013,0.697,0.41,10,0.176,29,0.492,29,-1,780.3,0,0,0,0,0,0,0,0,0,0,0,0,,
2022-09-19 17:00:00,0.015,0.7,0.406,9.8,0.173,32,0.491,26.9,-0.9,780.3,0,0,0,0,0,0,0,0,0,0,0,0,,
2022-09-19 18:00:00,0.026,0.7,0.401,9.7,0.17,32,0.489,25.8,1,780.3,0,0,0,0,0,0,0,0,0,0,0,0,,
2022-09-19 19:00:00,0.027,0.7,0.399,9.5,0.167,32,0.488,24.4,0.2,780.3,0,0,0,0,0,0,0,0,0,0,0,0,,
2022-09-19 20:00:00,0.024,0.7,0.396,9.4,0.165,34,0.486,22.4,1.3,780.3,0,0,0,0,0,0,0,0,0,0,0,0,,
2022-09-19 21:00:00,0.023,0.698,0.394,9.4,0.164,35,0.485,21.1,0,780.3,0,0,0,0,0,0,0,0,0,0,0,0,,
2022-09-19 22:00:00,0.016,0.7,0.394,9.3,0.163,36,0.484,20.2,0.1,780.3,0,0,0,0,0,0,0,0,0,0,0,0,,
2022-09-19 23:00:00,0.012,0.7,0.394,9.3,0.162,38,0.484,19.6,-0.8,780.3,0,0,0,0,0,0,0,0,0,0,0,0,,
2022-09-20 00:00:00,0.012,0.7,0.394,9.3,0.163,40,0.484,18.9,-2.4,780.3,0,0,0,0,0,0,0,0,0,0,0,0,,
2022-09-20 01:00:00,0.009,0.7,0.396,9.3,0.164,42,0.484,18.5,0.9,780.8,0,0,0,0,0,0,0,0,0,0,0,0,,
2022-09-20 02:00:00,0.015,0.701,0.397,9.4,0.164,42,0.484,18,-0.2,780.8,0,0,0,0,0,0,0,0,0,0,0,0,,
2022-09-20 03:00:00,0.012,0.701,0.398,9.5,0.166,43,0.485,17.8,0.2,780.8,0,0,0,0,0,0,0,0,0,0,0,0,,
2022-09-20 04:00:00,0.017,0.701,0.4,9.5,0.167,43,0.486,17.9,1.2,780.8,0,0,0,0,0,0,0,0,0,0,0,0,,
2022-09-20 05:00:00,0.01,0.7,0.402,9.6,0.169,43,0.487,17.9,0.5,780.8,0,0,0,0,0,0,0,0,0,0,0,0,,
2022-09-20 06:00:00,0.016,0.7,0.404,9.7,0.171,43,0.488,17.7,1,780.8,0,0,0,0,0,0,0,0,0,0,0,0,,
2022-09-20 07:00:00,0.011,0.7,0.407,9.8,0.173,44,0.489,17.5,0.8,780.8,0,0,0,0,0,0,0,0,0,0,0,0,,
2022-09-20 08:00:00,0.018,0.701,0.408,9.9,0.173,43,0.49,18.3,0.2,780.8,0,0,0,0,0,0,0,0,0,0,0,0,,
2022-09-20 09:00:00,0.018,0.701,0.409,9.9,0.174,41,0.49,21.3,-0.5,780.8,0,0,0,0,0,0,0,0,0,0,0,0,,
2022-09-20 10:00:00,0.017,0.701,0.41,9.9,0.175,39,0.491,22.2,0.5,780.8,0,0,0,0,0,0,0,0,0,0,0,0,,
2022-09-20 11:00:00,0.035,0.7,0.41,9.9,0.175,37,0.491,24.1,-0.7,780.8,0,0,0,0,0,0,0,0,0,0,0,0,,
2022-09-20 12:00:00,0.03,0.7,0.41,9.9,0.175,36,0.491,24.3,0.6,780.8,0,0,0,0,0,0,0,0,0,0,0,0,,
2022-09-20 13:00:00,0.022,0.701,0.41,9.9,0.175,35,0.491,26.5,-0.5,780.8,0,0,0,0,0,0,0,0,0,0,0,0,,
2022-09-20 14:00:00,0.019,0.7,0.408,9.9,0.173,33,0.491,27.1,0.2,780.8,0,0,0,0,0,0,0,0,0,0,0,0,,
2022-09-20 15:00:00,0.017,0.701,0.404,9.7,0.171,31,0.49,28.3,0.2,780.8,0,0,0,0,0,0,0,0,0,0,0,0,,
2022-09-20 16:00:00,0.019,0.7,0.399,9.5,0.167,30,0.488,27.7,0.3,780.8,0,0,0,0,0,0,0,0,0,0,0,0,,
2022-09-20 17:00:00,0.015,0.701,0.393,9.3,0.163,30,0.485,27.9,-1.8,780.8,0,0,0,0,0,0,0,0,0,0,0,0,,
2022-09-20 18:00:00,0.028,0.7,0.388,9.1,0.16,33,0.482,24.8,0,780.8,0,0,0,0,0,0,0,0,0,0,0,0,,
2022-09-20 19:00:00,0.033,0.7,0.385,9,0.158,33,0.481,23,1.4,780.8,0,0,0,0,0,0,0,0,0,0,0,0,,
2022-09-20 20:00:00,0.028,0.7,0.384,9,0.156,34,0.479,21.7,1.1,780.8,0,0,0,0,0,0,0,0,0,0,0,0,,
2022-09-20 21:00:00,0.051,0.7,0.383,8.9,0.156,35,0.478,20.5,0,780.8,0,0,0,0,0,0,0,0,0,0,0,0,,
2022-09-20 22:00:00,0.053,0.7,0.382,8.9,0.155,37,0.477,19.3,0.2,780.8,0,0,0,0,0,0,0,0,0,0,0,0,,
2022-09-20 23:00:00,0.027,0.7,0.382,8.8,0.154,38,0.477,19,2.7,780.8,0,0,0,0,0,0,0,0,0,0,0,0,,
2022-09-21 00:00:00,0.012,0.7,0.383,8.9,0.155,38,0.477,18.6,0.2,780.8,0,0,0,0,0,0,0,0,0,0,0,0,,
2022-09-21 01:00:00,0.008,0.701,0.385,9,0.156,39,0.478,18.1,0,782,0,0,0,0,0,0,0,0,0,0,0,0,,
2022-09-21 02:00:00,0.009,0.701,0.386,9,0.158,39,0.479,17.6,-1.8,782,0,0,0,0,0,0,0,0,0,0,0,0,,
2022-09-21 03:00:00,0.009,0.7,0.388,9.1,0.159,39,0.48,17.3,3.5,782,0,0,0,0,0,0,0,0,0,0,0,0,,
2022-09-21 04:00:00,0.016,0.701,0.391,9.2,0.161,39,0.482,17,-0.7,782,0,0,0,0,0,0,0,0,0,0,0,0,,
2022-09-21 05:00:00,0.018,0.7,0.393,9.3,0.163,39,0.484,16.8,2.3,782,0,0,0,0,0,0,0,0,0,0,0,0,,
2022-09-21 06:00:00,0.021,0.7,0.397,9.4,0.165,40,0.485,16.7,0.5,782,0,0,0,0,0,0,0,0,0,0,0,0,,
2022-09-21 07:00:00,0.021,0.7,0.401,9.6,0.168,41,0.487,16.9,-2.2,782,0,0,0,0,0,0,0,0,0,0,0,0,,
2022-09-21 08:00:00,0.033,0.701,0.403,9.7,0.17,41,0.488,17.4,0.7,782,0,0,0,0,0,0,0,0,0,0,0,0,,
2022-09-21 09:00:00,0.036,0.7,0.406,9.8,0.172,39,0.49,19.4,-0.4,782,0,0,0,0,0,0,0,0,0,0,0,0,,
2022-09-21 10:00:00,0.025,0.7,0.407,9.9,0.173,38,0.49,20.1,-0.6,782,0,0,0,0,0,0,0,0,0,0,0,0,,
2022-09-21 11:00:00,0.031,0.7,0.407,9.9,0.174,37,0.491,21.9,-1,782,0,0,0,0,0,0,0,0,0,0,0,0,,
2022-09-21 12:00:00,0.032,0.7,0.408,9.9,0.174,36,0.491,23.8,0.6,782,0,0,0,0,0,0,0,0,0,0,0,0,,
2022-09-21 13:00:00,0.021,0.701,0.407,9.9,0.175,33,0.491,24.6,-1.1,782,0,0,0,0,0,0,0,0,0,0,0,0,,
2022-09-21 14:00:00,0.017,0.7,0.406,9.9,0.174,32,0.491,26.8,0.3,782,0,0,0,0,0,0,0,0,0,0,0,0,,
2022-09-21 15:00:00,0.014,0.7,0.403,9.7,0.172,29,0.49,27.2,1,782,0,0,0,0,0,0,0,0,0,0,0,0,,
2022-09-21 16:00:00,0.015,0.701,0.399,9.6,0.169,28,0.489,28.2,0.9,782,0,0,0,0,0,0,0,0,0,0,0,0,,
2022-09-21 17:00:00,0.015,0.7,0.394,9.4,0.165,27,0.487,27.9,-2.2,782,0,0,0,0,0,0,0,0,0,0,0,0,,
2022-09-21 18:00:00,0.021,0.7,0.389,9.2,0.162,27,0.485,26.5,-2.3,782,0,0,0,0,0,0,0,0,0,0,0,0,,
2022-09-21 19:00:00,0.033,0.7,0.387,9.1,0.16,27,0.483,24.4,0.1,782,0,0,0,0,0,0,0,0,0,0,0,0,,
2022-09-21 20:00:00,0.054,0.7,0.386,9.1,0.159,26,0.482,23.3,0.9,782,0,0,0,0,0,0,0,0,0,0,0,0,,
2022-09-21 21:00:00,0.038,0.7,0.383,9,0.157,27,0.48,22.2,-0.3,782,0,0,0,0,0,0,0,0,0,0,0,0,,
2022-09-21 22:00:00,0.024,0.7,0.382,8.9,0.156,29,0.479,21,-0.9,782,0,0,0,0,0,0,0,0,0,0,0,0,,
2022-09-21 23:00:00,0.025,0.7,0.383,8.9,0.156,30,0.479,19.9,-0.2,782,0,0,0,0,0,0,0,0,0,0,0,0,,
2022-09-22 00:00:00,0.018,0.7,0.384,9,0.157,31,0.479,19.2,-1,782,0,0,0,0,0,0,0,0,0,0,0,0,,
2022-09-22 01:00:00,0.011,0.7,0.386,9,0.158,32,0.48,18.4,1.1,780.1,0,0,0,0,0,0,0,0,0,0,0,0,,
2022-09-22 02:00:00,0.009,0.701,0.388,9.1,0.16,33,0.481,17.8,-3.4,780.1,0,0,0,0,0,0,0,0,0,0,0,0,,
2022-09-22 03:00:00,0.009,0.7,0.391,9.2,0.161,34,0.482,17,0,780.1,0,0,0,0,0,0,0,0,0,0,0,0,,
2022-09-22 04:00:00,0.012,0.701,0.394,9.3,0.164,37,0.484,16.1,0.1,780.1,0,0,0,0,0,0,0,0,0,0,0,0,,
2022-09-22 05:00:00,0.011,0.7,0.397,9.4,0.166,38,0.485,16.4,-0.5,780.1,0,0,0,0,0,0,0,0,0,0,0,0,,
2022-09-22 06:00:00,0.019,0.7,0.4,9.6,0.168,39,0.487,16.6,2.7,780.1,0,0,0,0,0,0,0,0,0,0,0,0,,
2022-09-22 07:00:00,0.025,0.7,0.403,9.7,0.17,40,0.488,16.6,-0.1,780.1,0,0,0,0,0,0,0,0,0,0,0,0,,
2022-09-22 08:00:00,0.02,0.7,0.405,9.8,0.173,40,0.489,16.8,1.5,780.1,0,0,0,0,0,0,0,0,0,0,0,0,,
2022-09-22 09:00:00,0.036,0.7,0.408,9.9,0.175,40,0.49,17.4,0.8,780.1,0,0,0,0,0,0,0,0,0,0,0,0,,
2022-09-22 10:00:00,0.035,0.7,0.409,9.9,0.175,39,0.49,18.7,1.9,780.1,0,0,0,0,0,0,0,0,0,0,0,0,,
2022-09-22 11:00:00,0.03,0.7,0.41,10,0.175,37,0.491,21.6,-0.1,780.1,0,0,0,0,0,0,0,0,0,0,0,0,,
2022-09-22 12:00:00,0.037,0.7,0.409,10,0.176,36,0.491,24.4,0.9,780.1,0,0,0,0,0,0,0,0,0,0,0,0,,
2022-09-22 13:00:00,0.015,0.7,0.409,10,0.175,34,0.491,25.9,-1.1,780.1,0,0,0,0,0,0,0,0,0,0,0,0,,
2022-09-22 14:00:00,0.013,0.701,0.409,9.9,0.175,33,0.491,27.3,1,780.1,0,0,0,0,0,0,0,0,0,0,0,0,,
2022-09-22 15:00:00,0.026,0.7,0.407,9.9,0.174,31,0.491,28.5,0.7,780.1,0,0,0,0,0,0,0,0,0,0,0,0,,
2022-09-22 16:00:00,0.025,0.701,0.405,9.8,0.172,32,0.491,27.2,1.3,780.1,0,0,0,0,0,0,0,0,0,0,0,0,,
2022-09-22 17:00:00,0.033,0.7,0.402,9.7,0.17,39,0.489,24.3,1.7,780.1,0,0,0,0,0,0,0,0,0,0,0,0,,
2022-09-22 18:00:00,0.023,0.7,0.398,9.6,0.168,42,0.487,21.2,1.1,780.1,0,0,0,0,0,0,0,0,0,0,0,0,,
2022-09-22 19:00:00,0.034,0.7,0.392,9.3,0.164,35,0.485,22.5,2.2,780.1,0,0,0,0,0,0,0,0,0,0,0,0,,
2022-09-22 20:00:00,0.027,0.7,0.391,9.3,0.162,35,0.484,21.9,-0.7,780.1,0,0,0,0,0,0,0,0,0,0,0,0,,
2022-09-22 21:00:00,0.022,0.7,0.391,9.3,0.162,36,0.484,20.9,1,780.1,0,0,0,0,0,0,0,0,0,0,0,0,,
2022-09-22 22:00:00,0.021,0.7,0.392,9.3,0.162,36,0.484,20.1,1.3,780.1,0,0,0,0,0,0,0,0,0,0,0,0,,
2022-09-22 23:00:00,0.013,0.701,0.394,9.3,0.164,37,0.484,19.4,0.6,780.1,0,0,0,0,0,0,0,0,0,0,0,0,,
2022-09-23 00:00:00,0.012,0.7,0.394,9.4,0.164,37,0.485,18.6,-1.1,780.1,0,0,0,0,0,0,0,0,0,0,0,0,,
2022-09-23 01:00:00,0.009,0.7,0.398,9.5,0.166,37,0.485,18.3,1.9,782,0,0,0,0,0,0,0,0,0,0,0,0,,
2022-09-23 02:00:00,0.011,0.7,0.4,9.6,0.167,38,0.486,17.6,-0.5,782,0,0,0,0,0,0,0,0,0,0,0,0,,
2022-09-23 03:00:00,0.015,0.7,0.402,9.6,0.169,38,0.487,17,-1.3,782,0,0,0,0,0,0,0,0,0,0,0,0,,
2022-09-23 04:00:00,0.014,0.7,0.405,9.7,0.171,39,0.488,16.6,0.1,782,0,0,0,0,0,0,0,0,0,0,0,0,,
2022-09-23 05:00:00,0.017,0.7,0.407,9.8,0.173,39,0.489,16.7,1.6,782,0,0,0,0,0,0,0,0,0,0,0,0,,
2022-09-23 06:00:00,0.013,0.7,0.408,9.9,0.174,39,0.49,16.4,-2,782,0,0,0,0,0,0,0,0,0,0,0,0,,
2022-09-23 07:00:00,0.012,0.7,0.41,9.9,0.175,40,0.49,16.4,0.8,782,0,0,0,0,0,0,0,0,0,0,0,0,,
2022-09-23 08:00:00,0.016,0.701,0.411,10,0.176,39,0.49,17,4.2,782,0,0,0,0,0,0,0,0,0,0,0,0,,
2022-09-23 09:00:00,0.024,0.7,0.413,10,0.177,39,0.491,17.7,0.4,782,0,0,0,0,0,0,0,0,0,0,0,0,,
2022-09-23 10:00:00,0.029,0.7,0.413,10.1,0.178,39,0.491,19.5,1,782,0,0,0,0,0,0,0,0,0,0,0,0,,
2022-09-23 11:00:00,0.038,0.7,0.413,10.1,0.178,38,0.491,20.3,-1.3,782,0,0,0,0,0,0,0,0,0,0,0,0,,
2022-09-23 12:00:00,0.031,0.701,0.414,10.1,0.178,37,0.491,22.6,-1.9,782,0,0,0,0,0,0,0,0,0,0,0,0,,
2022-09-23 13:00:00,0.032,0.7,0.413,10,0.177,35,0.492,24.7,2.4,782,0,0,0,0,0,0,0,0,0,0,0,0,,
2022-09-23 14:00:00,0.02,0.7,0.412,10,0.177,32,0.492,26.2,1.7,782,0,0,0,0,0,0,0,0,0,0,0,0,,
2022-09-23 15:00:00,0.022,0.701,0.412,10,0.177,31,0.492,26.7,-1.1,782,0,0,0,0,0,0,0,0,0,0,0,0,,
2022-09-23 16:00:00,0.017,0.701,0.41,10,0.176,31,0.492,27.1,-0.2,782,0,0,0,0,0,0,0,0,0,0,0,0,,
2022-09-23 17:00:00,0.019,0.7,0.407,9.9,0.173,29,0.491,26.6,0.5,782,0,0,0,0,0,0,0,0,0,0,0,0,,
2022-09-23 18:00:00,0.032,0.7,0.405,9.8,0.172,28,0.49,25.1,2,782,0,0,0,0,0,0,0,0,0,0,0,0,,
2022-09-23 19:00:00,0.029,0.7,0.403,9.7,0.17,28,0.489,23.6,-0.5,782,0,0,0,0,0,0,0,0,0,0,0,0,,
2022-09-23 20:00:00,0.039,0.7,0.401,9.6,0.169,27,0.488,22.6,-0.3,782,0,0,0,0,0,0,0,0,0,0,0,0,,
2022-09-23 21:00:00,0.031,0.7,0.399,9.6,0.168,29,0.487,21.6,0.2,782,0,0,0,0,0,0,0,0,0,0,0,0,,
2022-09-23 22:00:00,0.032,0.7,0.399,9.5,0.167,32,0.487,20.3,1.6,782,0,0,0,0,0,0,0,0,0,0,0,0,,
2022-09-23 23:00:00,0.033,0.7,0.4,9.6,0.167,34,0.487,19.6,-0.2,782,0,0,0,0,0,0,0,0,0,0,0,0,,
2022-09-24 00:00:00,0.013,0.7,0.4,9.6,0.168,34,0.487,18.7,-0.8,782,0,0,0,0,0,0,0,0,0,0,0,0,,
2022-09-24 01:00:00,0.013,0.7,0.402,9.6,0.169,34,0.487,17.6,-0.6,781.8,0,0,0,0,0,0,0,0,0,0,0,0,,
2022-09-24 02:00:00,0.009,0.7,0.404,9.7,0.17,34,0.488,17.1,1.2,781.8,0,0,0,0,0,0,0,0,0,0,0,0,,
2022-09-24 03:00:00,0.008,0.7,0.406,9.8,0.172,34,0.488,16.4,1.5,781.8,0,0,0,0,0,0,0,0,0,0,0,0,,
2022-09-24 04:00:00,0.014,0.7,0.408,9.9,0.173,35,0.489,15.9,-1.5,781.8,0,0,0,0,0,0,0,0,0,0,0,0,,
2022-09-24 05:00:00,0.015,0.7,0.409,9.9,0.175,35,0.49,15.4,-2,781.8,0,0,0,0,0,0,0,0,0,0,0,0,,
2022-09-24 06:00:00,0.015,0.7,0.41,10,0.175,36,0.49,15,1.7,781.8,0,0,0,0,0,0,0,0,0,0,0,0,,
2022-09-24 07:00:00,0.01,0.701,0.412,10,0.177,37,0.49,15,-0.2,781.8,0,0,0,0,0,0,0,0,0,0,0,0,,
2022-09-24 08:00:00,0.009,0.701,0.413,10.1,0.178,38,0.491,17.1,0.1,781.8,0,0,0,0,0,0,0,0,0,0,0,0,,
2022-09-24 09:00:00,0.015,0.701,0.415,10.1,0.178,38,0.491,19.2,0,781.8,0,0,0,0,0,0,0,0,0,0,0,0,,
2022-09-24 10:00:00,0.019,0.701,0.415,10.1,0.179,35,0.492,21.2,0.3,781.8,0,0,0,0,0,0,0,0,0,0,0,0,,
2022-09-24 11:00:00,0.019,0.701,0.416,10.2,0.179,32,0.492,22.3,-0.4,781.8,0,0,0,0,0,0,0,0,0,0,0,0,,
2022-09-24 12:00:00,0.02,0.7,0.416,10.2,0.179,30,0.492,24.2,0.4,781.8,0,0,0,0,0,0,0,0,0,0,0,0,,
2022-09-24 13:00:00,0.019,0.701,0.415,10.1,0.178,29,0.492,25.6,-0.5,781.8,0,0,0,0,0,0,0,0,0,0,0,0,,
2022-09-24 14:00:00,0.012,0.701,0.412,10,0.177,28,0.492,26.8,-1.3,781.8,0,0,0,0,0,0,0,0,0,0,0,0,,
2022-09-24 15:00:00,0.016,0.701,0.41,10,0.176,27,0.492,27.6,-1.7,781.8,0,0,0,0,0,0,0,0,0,0,0,0,,
2022-09-24 16:00:00,0.018,0.7,0.406,9.8,0.173,26,0.491,28.3,0.9,781.8,0,0,0,0,0,0,0,0,0,0,0,0,,
2022-09-24 17:00:00,0.015,0.7,0.4,9.6,0.169,27,0.489,27.1,-0.7,781.8,0,0,0,0,0,0,0,0,0,0,0,0,,
2022-09-24 18:00:00,0.021,0.7,0.397,9.5,0.167,28,0.487,25.7,0.7,781.8,0,0,0,0,0,0,0,0,0,0,0,0,,
2022-09-24 19:00:00,0.026,0.7,0.394,9.4,0.164,31,0.485,24.1,-0.7,781.8,0,0,0,0,0,0,0,0,0,0,0,0,,
2022-09-24 20:00:00,0.032,0.7,0.393,9.3,0.162,33,0.484,22.7,-0.9,781.8,0,0,0,0,0,0,0,0,0,0,0,0,,
2022-09-24 21:00:00,0.025,0.7,0.39,9.2,0.161,36,0.482,21.2,1.6,781.8,0,0,0,0,0,0,0,0,0,0,0,0,,
2022-09-24 22:00:00,0.027,0.7,0.389,9.1,0.16,38,0.482,20.1,3.4,781.8,0,0,0,0,0,0,0,0,0,0,0,0,,
2022-09-24 23:00:00,0.011,0.7,0.39,9.1,0.16,39,0.481,19.7,0.1,781.8,0,0,0,0,0,0,0,0,0,0,0,0,,
2022-09-25 00:00:00,0.014,0.7,0.389,9.1,0.16,41,0.481,18.8,-1.2,781.8,0,0,0,0,0,0,0,0,0,0,0,0,,
2022-09-25 01:00:00,0.007,0.7,0.389,9.2,0.161,40,0.482,18.1,-2.3,781,0,0,0,0,0,0,0,0,0,0,0,0,,
2022-09-25 02:00:00,0.005,0.7,0.391,9.2,0.161,39,0.482,17.6,2.1,781,0,0,0,0,0,0,0,0,0,0,0,0,,
2022-09-25 03:00:00,0.006,0.7,0.393,9.3,0.163,39,0.483,17.3,-0.6,781,0,0,0,0,0,0,0,0,0,0,0,0,,
2022-09-25 04:00:00,0.005,0.701,0.395,9.4,0.164,38,0.484,16.7,0.8,781,0,0,0,0,0,0,0,0,0,0,0,0,,
2022-09-25 05:00:00,0.005,0.7,0.398,9.5,0.167,38,0.485,16.3,1.1,781,0,0,0,0,0,0,0,0,0,0,0,0,,
2022-09-25 06:00:00,0.006,0.701,0.401,9.6,7.5,38,0.487,15.9,0.5,781,0,0,0,0,0,0,0,0,0,0,0,0,,
2022-09-25 07:00:00,0.007,0.698,0.404,9.7,7.6,38,0.488,15.8,0,781,0,0,0,0,0,0,0,0,0,0,0,0,,
2022-09-25 08:00:00,0.01,0.701,0.407,9.8,7.7,38,0.489,17.6,1.1,781,0,0,0,0,0,0,0,0,0,0,0,0,,
2022-09-25 09:00:00,0.007,0.701,0.409,9.9,7.8,37,0.49,19.3,-3.2,781,0,0,0,0,0,0,0,0,0,0,0,0,,
2022-09-25 10:00:00,0.013,0.701,0.409,9.9,7.8,36,0.49,20.9,1.3,781,0,0,0,0,0,0,0,0,0,0,0,0,,
2022-09-25 11:00:00,0.009,0.701,0.41,9.9,7.8,35,0.491,22.5,0.4,781,0,0,0,0,0,0,0,0,0,0,0,0,,
2022-09-25 12:00:00,0.016,0.701,0.409,9.9,7.8,33,0.491,23.9,2.2,781,0,0,0,0,0,0,0,0,0,0,0,0,,
2022-09-25 13:00:00,0.013,0.701,0.409,9.9,7.8,31,0.491,25.6,-1,781,0,0,0,0,0,0,0,0,0,0,0,0,,
2022-09-25 14:00:00,0.012,0.701,0.407,9.9,7.8,31,0.491,25.8,0.1,781,0,0,0,0,0,0,0,0,0,0,0,0,,
2022-09-25 15:00:00,0.011,0.7,0.405,9.7,7.7,31,0.49,25.9,-0.2,781,0,0,0,0,0,0,0,0,0,0,0,0,,
2022-09-25 16:00:00,0.011,0.7,0.402,9.6,7.6,33,0.488,24.4,0.2,781,0,0,0,0,0,0,0,0,0,0,0,0,,
2022-09-25 17:00:00,0.01,0.7,0.399,9.5,7.5,33,0.487,24.1,1.6,781,0,0,0,0,0,0,0,0,0,0,0,0,,
2022-09-25 18:00:00,0.011,0.7,0.396,9.4,7.4,32,0.486,23.7,0.5,781,0,0,0,0,0,0,0,0,0,0,0,0,,
2022-09-25 19:00:00,0.021,0.7,0.394,9.3,7.3,31,0.485,23.6,-0.9,781,0,0,0,0,0,0,0,0,0,0,0,0,,
2022-09-25 20:00:00,0.018,0.7,0.392,9.2,7.2,32,0.484,22.5,2,781,0,0,0,0,0,0,0,0,0,0,0,0,,
2022-09-25 21:00:00,0.018,0.7,0.39,9.2,7.2,36,0.482,21.4,-0.1,781,0,0,0,0,0,0,0,0,0,0,0,0,,
2022-09-25 22:00:00,0.012,0.7,0.391,9.2,7.2,36,0.482,20.3,1.4,781,0,0,0,0,0,0,0,0,0,0,0,0,,
2022-09-25 23:00:00,0.013,0.7,0.391,9.2,7.2,37,0.482,19.3,1.4,781,0,0,0,0,0,0,0,0,0,0,0,0,,
2022-09-26 00:00:00,0.007,0.7,0.391,9.2,7.2,37,0.482,18.6,-1.7,781,0,0,0,0,0,0,0,0,0,0,0,0,,
2022-09-26 01:00:00,0.012,0.7,0.393,9.3,7.3,37,0.483,18,2.1,782.8,0,0,0,0,0,0,0,0,0,0,0,0,,
2022-09-26 02:00:00,0.008,0.701,0.394,9.4,7.3,37,0.484,17.3,-0.1,782.8,0,0,0,0,0,0,0,0,0,0,0,0,,
2022-09-26 03:00:00,0.012,0.7,0.397,9.4,7.4,39,0.485,17.2,-0.2,782.8,0,0,0,0,0,0,0,0,0,0,0,0,,
2022-09-26 04:00:00,0.01,0.701,0.4,9.5,7.5,39,0.486,16.8,-0.1,782.8,0,0,0,0,0,0,0,0,0,0,0,0,,
2022-09-26 05:00:00,0.008,0.7,0.402,9.6,7.6,40,0.487,16.8,0.2,782.8,0,0,0,0,0,0,0,0,0,0,0,0,,
2022-09-26 06:00:00,0.007,0.7,0.406,9.7,7.6,41,0.488,16.7,-0.5,782.8,0,0,0,0,0,0,0,0,0,0,0,0,,
2022-09-26 07:00:00,0.025,0.7,0.407,9.8,7.7,38,0.489,16.7,0,782.8,0,0,0,0,0,0,0,0,0,0,0,0,,
2022-09-26 08:00:00,0.011,0.701,0.408,9.9,7.8,39,0.49,17.4,-0.7,782.8,0,0,0,0,0,0,0,0,0,0,0,0,,
2022-09-26 09:00:00,0.034,0.7,0.409,9.9,7.8,38,0.49,18.9,-0.4,782.8,0,0,0,0,0,0,0,0,0,0,0,0,,
2022-09-26 10:00:00,0.018,0.7,0.41,9.9,7.8,36,0.491,21,-0.5,782.8,0,0,0,0,0,0,0,0,0,0,0,0,,
2022-09-26 11:00:00,0.015,0.701,0.411,10,7.8,35,0.491,21.5,-0.3,782.8,0,0,0,0,0,0,0,0,0,0,0,0,,
2022-09-26 12:00:00,0.014,0.7,0.411,10,7.8,34,0.491,23.1,-1.8,782.8,0,0,0,0,0,0,0,0,0,0,0,0,,
2022-09-26 13:00:00,0.014,0.7,0.41,9.9,7.8,33,0.491,23.7,-1.4,782.8,0,0,0,0,0,0,0,0,0,0,0,0,,
2022-09-26 14:00:00,0.011,0.701,0.41,9.9,7.8,32,0.491,24.5,-3,782.8,0,0,0,0,0,0,0,0,0,0,0,0,,
2022-09-26 15:00:00,0.011,0.701,0.41,9.9,7.8,32,0.491,25.6,-1.6,782.8,0,0,0,0,0,0,0,0,0,0,0,0,,
2022-09-26 16:00:00,0.01,0.7,0.407,9.8,7.7,31,0.491,26.5,-0.8,782.8,0,0,0,0,0,0,0,0,0,0,0,0,,
2022-09-26 17:00:00,0.016,0.7,0.403,9.7,7.6,32,0.49,26.3,-0.7,782.8,0,0,0,0,0,0,0,0,0,0,0,0,,
2022-09-26 18:00:00,0.025,0.7,0.4,9.6,7.5,31,0.488,25.3,0.7,782.8,0,0,0,0,0,0,0,0,0,0,0,0,,
2022-09-26 19:00:00,0.045,0.7,0.398,9.5,7.5,31,0.487,23.5,0.7,782.8,0,0,0,0,0,0,0,0,0,0,0,0,,
2022-09-26 20:00:00,0.058,0.7,0.396,9.4,7.4,31,0.487,22.5,0.8,782.8,0,0,0,0,0,0,0,0,0,0,0,0,,
2022-09-26 21:00:00,0.034,0.7,0.396,9.4,7.4,34,0.485,21.5,-1.7,782.8,0,0,0,0,0,0,0,0,0,0,0,0,,
2022-09-26 22:00:00,0.032,0.7,0.396,9.4,7.4,34,0.485,20.5,-1.9,782.8,0,0,0,0,0,0,0,0,0,0,0,0,,
2022-09-26 23:00:00,0.017,0.7,0.396,9.4,7.3,35,0.485,19.9,0.4,782.8,0,0,0,0,0,0,0,0,0,0,0,0,,
2022-09-27 00:00:00,0.015,0.701,0.397,9.4,7.4,36,0.485,19.1,1.8,782.8,0,0,0,0,0,0,0,0,0,0,0,0,,
2022-09-27 01:00:00,0.018,0.701,0.398,9.4,7.4,37,0.485,18.3,-2.1,780.8,0,0,0,0,0,0,0,0,0,0,0,0,,
2022-09-27 02:00:00,0.009,0.7,0.4,9.5,7.5,38,0.486,17.7,0.1,780.8,0,0,0,0,0,0,0,0,0,0,0,0,,
2022-09-27 03:00:00,0.009,0.7,0.402,9.6,7.5,39,0.487,17.1,-0.1,780.8,0,0,0,0,0,0,0,0,0,0,0,0,,
2022-09-27 04:00:00,0.009,0.7,0.404,9.7,7.6,40,0.487,17,1.8,780.8,0,0,0,0,0,0,0,0,0,0,0,0,,
2022-09-27 05:00:00,0.01,0.7,0.405,9.7,7.6,41,0.488,16.8,-2.6,780.8,0,0,0,0,0,0,0,0,0,0,0,0,,
2022-09-27 06:00:00,0.018,0.7,0.407,9.8,7.7,41,0.489,16.5,-0.5,780.8,0,0,0,0,0,0,0,0,0,0,0,0,,
2022-09-27 07:00:00,0.023,0.7,0.408,9.9,7.8,41,0.49,16.8,1.6,780.8,0,0,0,0,0,0,0,0,0,0,0,0,,
2022-09-27 08:00:00,0.017,0.7,0.411,9.9,7.8,41,0.49,18,0.1,780.8,0,0,0,0,0,0,0,0,0,0,0,0,,
2022-09-27 09:00:00,0.02,0.7,0.411,10,7.8,39,0.49,19,-0.2,780.8,0,0,0,0,0,0,0,0,0,0,0,0,,
2022-09-27 10:00:00,0.022,0.701,0.412,10,7.8,36,0.491,20.9,1.1,780.8,0,0,0,0,0,0,0,0,0,0,0,0,,
2022-09-27 11:00:00,0.018,0.7,0.413,10,7.9,33,0.491,21.9,1.5,780.8,0,0,0,0,0,0,0,0,0,0,0,0,,
2022-09-27 12:00:00,0.016,0.7,0.413,10,7.9,31,0.491,23.7,0.7,780.8,0,0,0,0,0,0,0,0,0,0,0,0,,
2022-09-27 13:00:00,0.017,0.701,0.412,10,7.9,30,0.491,24.7,-0.8,780.8,0,0,0,0,0,0,0,0,0,0,0,0,,
2022-09-27 14:00:00,0.007,0.7,0.411,9.9,7.8,29,0.491,25.9,-2.5,780.8,0,0,0,0,0,0,0,0,0,0,0,0,,
2022-09-27 15:00:00,0.012,0.701,0.407,9.8,7.7,27,0.49,26.3,-1.4,780.8,0,0,0,0,0,0,0,0,0,0,0,0,,
2022-09-27 16:00:00,0.014,0.7,0.404,9.7,7.6,25,0.49,26.8,-1,780.8,0,0,0,0,0,0,0,0,0,0,0,0,,
2022-09-27 17:00:00,0.014,0.7,0.399,9.5,7.5,25,0.488,26.2,-0.6,780.8,0,0,0,0,0,0,0,0,0,0,0,0,,
2022-09-27 18:00:00,0.016,0.7,0.396,9.4,7.4,26,0.486,25,0.6,780.8,0,0,0,0,0,0,0,0,0,0,0,0,,
2022-09-27 19:00:00,0.02,0.7,0.393,9.3,7.3,27,0.485,23.6,0.3,780.8,0,0,0,0,0,0,0,0,0,0,0,0,,
2022-09-27 20:00:00,0.027,0.7,0.391,9.2,7.2,28,0.484,22.3,-1.9,780.8,0,0,0,0,0,0,0,0,0,0,0,0,,
2022-09-27 21:00:00,0.024,0.7,0.389,9.2,7.2,29,0.482,21.2,0.4,780.8,0,0,0,0,0,0,0,0,0,0,0,0,,
2022-09-27 22:00:00,0.019,0.7,0.389,9.1,7.2,30,0.482,20.1,-0.4,780.8,0,0,0,0,0,0,0,0,0,0,0,0,,
2022-09-27 23:00:00,0.022,0.7,0.391,9.2,7.2,32,0.482,19.1,2.8,780.8,0,0,0,0,0,0,0,0,0,0,0,0,,
2022-09-28 00:00:00,0.015,0.701,0.392,9.2,7.2,32,0.482,18.4,-0.3,780.8,0,0,0,0,0,0,0,0,0,0,0,0,,
2022-09-28 01:00:00,0.01,0.7,0.394,9.3,7.3,33,0.483,17.4,1.6,781.1,0,0,0,0,0,0,0,0,0,0,0,0,,
2022-09-28 02:00:00,0.009,0.7,0.397,9.4,7.3,34,0.484,16.7,0.1,781.1,0,0,0,0,0,0,0,0,0,0,0,0,,
2022-09-28 03:00:00,0.008,0.7,0.399,9.5,7.5,35,0.485,16.3,0.6,781.1,0,0,0,0,0,0,0,0,0,0,0,0,,
2022-09-28 04:00:00,0.007,0.7,0.402,9.6,7.6,35,0.487,15.7,-0.3,781.1,0,0,0,0,0,0,0,0,0,0,0,0,,
2022-09-28 05:00:00,0.018,0.7,0.405,9.7,7.7,35,0.488,15.2,-1.5,781.1,0,0,0,0,0,0,0,0,0,0,0,0,,
2022-09-28 06:00:00,0.021,0.7,0.408,9.9,7.8,37,0.489,14.6,1.6,781.1,0,0,0,0,0,0,0,0,0,0,0,0,,
2022-09-28 07:00:00,0.036,0.7,0.407,9.9,7.8,38,0.49,14.6,0.5,781.1,0,0,0,0,0,0,0,0,0,0,0,0,,
2022-09-28 08:00:00,0.039,0.7,0.411,10,7.9,40,0.49,16.7,-1.2,781.1,0,0,0,0,0,0,0,0,0,0,0,0,,
2022-09-28 09:00:00,0.054,0.7,0.413,10,7.9,38,0.491,18.5,-0.1,781.1,0,0,0,0,0,0,0,0,0,0,0,0,,
2022-09-28 10:00:00,0.045,0.701,0.416,10.1,7.9,37,0.491,20.7,-3.9,781.1,0,0,0,0,0,0,0,0,0,0,0,0,,
2022-09-28 11:00:00,0.028,0.7,0.416,10.1,8,33,0.492,22.7,0.2,781.1,0,0,0,0,0,0,0,0,0,0,0,0,,
2022-09-28 12:00:00,0.03,0.7,0.416,10.1,8,30,0.492,24.8,-2.1,781.1,0,0,0,0,0,0,0,0,0,0,0,0,,
2022-09-28 13:00:00,0.021,0.7,0.414,10.1,8,28,0.493,25.5,-1.1,781.1,0,0,0,0,0,0,0,0,0,0,0,0,,
2022-09-28 14:00:00,0.012,0.7,0.412,10,7.9,26,0.493,27.6,1.2,781.1,0,0,0,0,0,0,0,0,0,0,0,0,,
2022-09-28 15:00:00,0.016,0.7,0.41,10,7.9,26,0.492,27.6,-1.8,781.1,0,0,0,0,0,0,0,0,0,0,0,0,,
2022-09-28 16:00:00,0.014,0.7,0.407,9.9,7.8,25,0.491,27.3,-2.9,781.1,0,0,0,0,0,0,0,0,0,0,0,0,,
2022-09-28 17:00:00,0.014,0.7,0.405,9.7,7.7,25,0.49,26.4,0.6,781.1,0,0,0,0,0,0,0,0,0,0,0,0,,
2022-09-28 18:00:00,0.023,0.7,0.4,9.6,7.6,24,0.488,25.2,1,781.1,0,0,0,0,0,0,0,0,0,0,0,0,,
2022-09-28 19:00:00,0.029,0.7,0.397,9.5,7.5,23,0.487,23.7,0.3,781.1,0,0,0,0,0,0,0,0,0,0,0,0,,
2022-09-28 20:00:00,0.039,0.7,0.395,9.4,7.4,24,0.486,22.7,0.8,781.1,0,0,0,0,0,0,0,0,0,0,0,0,,
2022-09-28 21:00:00,0.034,0.7,0.394,9.3,7.3,26,0.485,21.6,-0.2,781.1,0,0,0,0,0,0,0,0,0,0,0,0,,
2022-09-28 22:00:00,0.038,0.7,0.393,9.3,7.3,28,0.484,20.3,0.4,781.1,0,0,0,0,0,0,0,0,0,0,0,0,,
2022-09-28 23:00:00,0.025,0.7,0.393,9.3,7.3,29,0.484,19.5,0.5,781.1,0,0,0,0,0,0,0,0,0,0,0,0,,
2022-09-29 00:00:00,0.009,0.7,0.395,9.4,7.3,31,0.484,18.4,0.1,781.1,0,0,0,0,0,0,0,0,0,0,0,0,,
2022-09-29 01:00:00,0.008,0.7,0.396,9.4,7.4,32,0.485,17.7,-0.3,783.8,0,0,0,0,0,0,0,0,0,0,0,0,,
2022-09-29 02:00:00,0.032,0.7,0.398,9.5,7.5,32,0.485,16.9,0.8,783.8,0,0,0,0,0,0,0,0,0,0,0,0,,
2022-09-29 03:00:00,0.011,0.7,0.4,9.6,7.5,33,0.487,16.4,4,783.8,0,0,0,0,0,0,0,0,0,0,0,0,,
2022-09-29 04:00:00,0.013,0.7,0.404,9.7,7.6,33,0.488,15.7,0.1,783.8,0,0,0,0,0,0,0,0,0,0,0,0,,
2022-09-29 05:00:00,0.017,0.7,0.407,9.8,7.7,34,0.488,15.2,-0.7,783.8,0,0,0,0,0,0,0,0,0,0,0,0,,
2022-09-29 06:00:00,0.029,0.7,0.408,9.9,7.8,34,0.489,14.7,1.2,783.8,0,0,0,0,0,0,0,0,0,0,0,0,,
2022-09-29 07:00:00,0.027,0.7,0.41,10,7.9,35,0.49,15,1.8,783.8,0,0,0,0,0,0,0,0,0,0,0,0,,
2022-09-29 08:00:00,0.035,0.7,0.41,10,7.9,35,0.491,17.9,2.2,783.8,0,0,0,0,0,0,0,0,0,0,0,0,,
2022-09-29 09:00:00,0.027,0.7,0.413,10,7.9,34,0.491,19.8,1.8,783.8,0,0,0,0,0,0,0,0,0,0,0,0,,
2022-09-29 10:00:00,0.015,0.701,0.415,10.1,7.9,33,0.491,21.5,-0.7,783.8,0,0,0,0,0,0,0,0,0,0,0,0,,
2022-09-29 11:00:00,0.025,0.701,0.414,10.1,8,32,0.492,23.1,2.7,783.8,0,0,0,0,0,0,0,0,0,0,0,0,,
2022-09-29 12:00:00,0.021,0.7,0.414,10.1,7.9,31,0.492,24.6,-0.4,783.8,0,0,0,0,0,0,0,0,0,0,0,0,,
2022-09-29 13:00:00,0.024,0.7,0.412,10.1,7.9,31,0.492,25.9,-2.7,783.8,0,0,0,0,0,0,0,0,0,0,0,0,,
2022-09-29 14:00:00,0.023,0.701,0.41,10,7.9,29,0.492,27.2,-0.5,783.8,0,0,0,0,0,0,0,0,0,0,0,0,,
2022-09-29 15:00:00,0.016,0.7,0.408,9.9,7.8,28,0.491,27.3,-2.3,783.8,0,0,0,0,0,0,0,0,0,0,0,0,,
2022-09-29 16:00:00,0.038,0.7,0.405,9.8,7.7,28,0.491,27.4,1.9,783.8,0,0,0,0,0,0,0,0,0,0,0,0,,
2022-09-29 17:00:00,0.035,0.7,0.4,9.6,7.6,28,0.489,26.7,0.9,783.8,0,0,0,0,0,0,0,0,0,0,0,0,,
2022-09-29 18:00:00,0.04,0.7,0.397,9.5,7.5,29,0.487,25.4,-0.8,783.8,0,0,0,0,0,0,0,0,0,0,0,0,,
2022-09-29 19:00:00,0.051,0.7,0.394,9.4,7.4,30,0.486,24.4,1.1,783.8,0,0,0,0,0,0,0,0,0,0,0,0,,
2022-09-29 20:00:00,0.034,0.7,0.392,9.3,7.3,31,0.485,22.7,-0.8,783.8,0,0,0,0,0,0,0,0,0,0,0,0,,
2022-09-29 21:00:00,0.03,0.7,0.391,9.2,7.2,32,0.484,21.5,-0.3,783.8,0,0,0,0,0,0,0,0,0,0,0,0,,
2022-09-29 22:00:00,0.027,0.7,0.391,9.2,7.2,33,0.482,20.8,1.2,783.8,0,0,0,0,0,0,0,0,0,0,0,0,,
2022-09-29 23:00:00,0.018,0.7,0.391,9.2,7.2,33,0.482,20,1,783.8,0,0,0,0,0,0,0,0,0,0,0,0,,
2022-09-30 00:00:00,0.015,0.7,0.391,9.2,7.2,34,0.482,18.8,1.1,783.8,0,0,0,0,0,0,0,0,0,0,0,0,,
2022-09-30 01:00:00,0.014,0.7,0.392,9.3,7.3,36,0.483,17.6,-0.3,783.2,0,0,0,0,0,0,0,0,0,0,0,0,,
2022-09-30 02:00:00,0.015,0.701,0.394,9.3,7.3,38,0.484,16.7,1.7,783.2,0,0,0,0,0,0,0,0,0,0,0,0,,
2022-09-30 03:00:00,0.019,0.7,0.397,9.4,7.4,38,0.485,16.2,-1.6,783.2,0,0,0,0,0,0,0,0,0,0,0,0,,
2022-09-30 04:00:00,0.016,0.7,0.4,9.6,7.5,39,0.486,16.1,-1.6,783.2,0,0,0,0,0,0,0,0,0,0,0,0,,
2022-09-30 05:00:00,0.019,0.7,0.403,9.7,7.6,40,0.487,16.3,1.2,783.2,0,0,0,0,0,0,0,0,0,0,0,0,,
2022-09-30 06:00:00,0.014,0.7,0.406,9.8,7.7,40,0.488,16.6,0.9,783.2,0,0,0,0,0,0,0,0,0,0,0,0,,
2022-09-30 07:00:00,0.024,0.7,0.407,9.9,7.8,41,0.489,16.6,-0.2,783.2,0,0,0,0,0,0,0,0,0,0,0,0,,
2022-09-30 08:00:00,0.034,0.7,0.407,9.9,7.8,41,0.49,17.1,-0.1,783.2,0,0,0,0,0,0,0,0,0,0,0,0,,
2022-09-30 09:00:00,0.032,0.7,0.41,10,7.8,41,0.49,17.2,0.9,783.2,0,0,0,0,0,0,0,0,0,0,0,0,,
2022-09-30 10:00:00,0.044,0.7,0.411,10,7.9,40,0.491,18.5,0.1,783.2,0,0,0,0,0,0,0,0,0,0,0,0,,
2022-09-30 11:00:00,0.037,0.7,0.412,10,7.9,39,0.491,20.3,0,783.2,0,0,0,0,0,0,0,0,0,0,0,0,,
2022-09-30 12:00:00,0.047,0.7,0.412,10,7.9,38,0.491,22.4,0.2,783.2,0,0,0,0,0,0,0,0,0,0,0,0,,
2022-09-30 13:00:00,0.042,0.701,0.412,10,7.9,37,0.492,24.4,-1.4,783.2,0,0,0,0,0,0,0,0,0,0,0,0,,
2022-09-30 14:00:00,0.027,0.701,0.411,10,7.9,36,0.492,25,-1,783.2,0,0,0,0,0,0,0,0,0,0,0,0,,
2022-09-30 15:00:00,0.02,0.701,0.411,10,7.9,34,0.492,25.7,-1.2,783.2,0,0,0,0,0,0,0,0,0,0,0,0,,
2022-09-30 16:00:00,0.021,0.7,0.41,10,7.9,34,0.492,26.1,0.5,783.2,0,0,0,0,0,0,0,0,0,0,0,0,,
2022-09-30 17:00:00,0.015,0.7,0.407,9.9,7.8,34,0.491,25.7,-3.1,783.2,0,0,0,0,0,0,0,0,0,0,0,0,,
2022-09-30 18:00:00,0.023,0.7,0.404,9.7,7.7,34,0.49,24.5,-1.3,783.2,0,0,0,0,0,0,0,0,0,0,0,0,,
2022-09-30 19:00:00,0.031,0.7,0.402,9.7,7.6,34,0.489,23,0.5,783.2,0,0,0,0,0,0,0,0,0,0,0,0,,
2022-09-30 20:00:00,0.042,0.7,0.4,9.6,7.6,34,0.488,22.4,0.5,783.2,0,0,0,0,0,0,0,0,0,0,0,0,,
2022-09-30 21:00:00,0.037,0.7,0.399,9.6,7.5,33,0.487,21.8,-1.8,783.2,0,0,0,0,0,0,0,0,0,0,0,0,,
2022-09-30 22:00:00,0.032,0.7,0.399,9.5,7.5,35,0.487,20,-1.3,783.2,0,0,0,0,0,0,0,0,0,0,0,0,,
2022-09-30 23:00:00,0.018,0.7,0.4,9.5,7.5,37,0.487,19,2.1,783.2,0,0,0,0,0,0,0,0,0,0,0,0,,
2022-10-01 00:00:00,0.013,0.701,0.401,9.6,7.5,38,0.487,18,-0.8,783.2,0,0,0,0,0,0,0,0,0,0,0,0,,
2022-10-01 01:00:00,0.015,0.701,0.402,9.6,7.6,39,0.487,17.6,2.2,782,0,0,0,0,0,0,0,0,0,0,0,0,,
2022-10-01 02:00:00,0.011,0.7,0.403,9.7,7.6,39,0.488,17.6,1.8,782,0,0,0,0,0,0,0,0,0,0,0,0,,
2022-10-01 03:00:00,0.017,0.7,0.405,9.7,7.6,39,0.488,17.5,-3.9,782,0,0,0,0,0,0,0,0,0,0,0,0,,
2022-10-01 04:00:00,0.016,0.7,0.406,9.8,7.7,40,0.489,17.2,1.3,782,0,0,0,0,0,0,0,0,0,0,0,0,,
2022-10-01 05:00:00,0.019,0.7,0.408,9.9,7.8,41,0.49,17,-1.4,782,0,0,0,0,0,0,0,0,0,0,0,0,,
2022-10-01 06:00:00,0.017,0.7,0.41,9.9,7.8,41,0.49,16.9,0.6,782,0,0,0,0,0,0,0,0,0,0,0,0,,
2022-10-01 07:00:00,0.02,0.7,0.411,10,7.9,42,0.49,16.9,1.1,782,0,0,0,0,0,0,0,0,0,0,0,0,,
2022-10-01 08:00:00,0.023,0.701,0.411,10,7.9,42,0.491,17.7,1.5,782,0,0,0,0,0,0,0,0,0,0,0,0,,
2022-10-01 09:00:00,0.017,0.701,0.412,10,7.9,40,0.491,19.9,-2.3,782,0,0,0,0,0,0,0,0,0,0,0,0,,
2022-10-01 10:00:00,0.024,0.7,0.412,10,7.9,38,0.491,22.1,0.2,782,0,0,0,0,0,0,0,0,0,0,0,0,,
2022-10-01 11:00:00,0.039,0.701,0.411,10,7.9,37,0.492,24.3,-0.6,782,0,0,0,0,0,0,0,0,0,0,0,0,,
2022-10-01 12:00:00,0.03,0.7,0.412,10,7.9,36,0.492,26.3,0.5,782,0,0,0,0,0,0,0,0,0,0,0,0,,
2022-10-01 13:00:00,0.023,0.7,0.411,10,7.9,32,0.492,27.6,0.3,782,0,0,0,0,0,0,0,0,0,0,0,0,,
2022-10-01 14:00:00,0.025,0.7,0.41,9.9,7.8,30,0.492,28.9,-2.1,782,0,0,0,0,0,0,0,0,0,0,0,0,,
2022-10-01 15:00:00,0.016,0.7,0.406,9.8,7.7,29,0.491,29.5,-1.6,782,0,0,0,0,0,0,0,0,0,0,0,0,,
2022-10-01 16:00:00,0.019,0.7,0.402,9.7,7.6,35,0.489,24.7,2,782,0,0,0,0,0,0,0,0,0,0,0,0,,
2022-10-01 17:00:00,0.018,0.7,0.397,9.5,7.5,32,0.487,24,-0.8,782,0,0,0,0,0,0,0,0,0,0,0,0,,
2022-10-01 18:00:00,0.021,0.7,0.394,9.4,0.164,31,0.485,23.2,-0.5,782,0,0,0,0,0,0,0,0,0,0,0,0,,
2022-10-01 19:00:00,0.038,0.7,0.391,9.3,0.162,32,0.484,22.7,1.1,782,0,0,0,0,0,0,0,0,0,0,0,0,,
2022-10-01 20:00:00,0.031,0.7,0.389,9.2,0.161,34,0.482,21.8,1.5,782,0,0,0,0,0,0,0,0,0,0,0,0,,
2022-10-01 21:00:00,0.024,0.7,0.388,9.1,0.159,35,0.481,20.9,0.7,782,0,0,0,0,0,0,0,0,0,0,0,0,,
2022-10-01 22:00:00,0.021,0.7,0.388,9.1,0.159,35,0.48,20.2,0.5,782,0,0,0,0,0,0,0,0,0,0,0,0,,
2022-10-01 23:00:00,0.019,0.7,0.389,9.1,0.159,36,0.48,19.3,1.9,782,0,0,0,0,0,0,0,0,0,0,0,0,,
2022-10-02 00:00:00,0.023,0.7,0.389,9.1,0.159,38,0.48,18.5,-1.3,782,0,0,0,0,0,0,0,0,0,0,0,0,,
2022-10-02 01:00:00,0.011,0.7,0.389,9.1,0.16,38,0.481,18.1,-0.8,783,0,0,0,0,0,0,0,0,0,0,0,0,,
2022-10-02 02:00:00,0.013,0.701,0.391,9.2,0.161,38,0.482,17.7,0.5,783,0,0,0,0,0,0,0,0,0,0,0,0,,
2022-10-02 03:00:00,0.021,0.701,0.392,9.3,0.162,39,0.483,17.5,-2,783,0,0,0,0,0,0,0,0,0,0,0,0,,
2022-10-02 04:00:00,0.012,0.7,0.394,9.4,0.164,39,0.484,17.2,0.3,783,0,0,0,0,0,0,0,0,0,0,0,0,,
2022-10-02 05:00:00,0.019,0.7,0.397,9.5,0.166,40,0.485,17.4,1,783,0,0,0,0,0,0,0,0,0,0,0,0,,
2022-10-02 06:00:00,0.019,0.701,0.4,9.6,0.168,40,0.487,17.1,0.9,783,0,0,0,0,0,0,0,0,0,0,0,0,,
2022-10-02 07:00:00,0.044,0.7,0.403,9.7,0.17,41,0.488,16.9,-0.1,783,0,0,0,0,0,0,0,0,0,0,0,0,,
2022-10-02 08:00:00,0.026,0.7,0.405,9.8,0.172,42,0.489,18.5,0.5,783,0,0,0,0,0,0,0,0,0,0,0,0,,
2022-10-02 09:00:00,0.024,0.7,0.407,9.9,0.173,41,0.49,20.7,-0.5,783,0,0,0,0,0,0,0,0,0,0,0,0,,
2022-10-02 10:00:00,0.024,0.701,0.408,9.9,0.174,38,0.49,23.3,0.5,783,0,0,0,0,0,0,0,0,0,0,0,0,,
2022-10-02 11:00:00,0.031,0.7,0.408,9.9,0.174,35,0.491,25.3,-1.2,783,0,0,0,0,0,0,0,0,0,0,0,0,,
2022-10-02 12:00:00,0.024,0.701,0.407,9.9,0.174,32,0.491,26.3,-1.3,783,0,0,0,0,0,0,0,0,0,0,0,0,,
2022-10-02 13:00:00,0.019,0.7,0.407,9.9,0.173,30,0.491,27.5,1.3,783,0,0,0,0,0,0,0,0,0,0,0,0,,
2022-10-02 14:00:00,0.015,0.7,0.405,9.8,0.172,31,0.49,27.8,0.9,783,0,0,0,0,0,0,0,0,0,0,0,0,,
2022-10-02 15:00:00,0.015,0.7,0.4,9.6,0.169,28,0.489,28.7,-3.8,783,0,0,0,0,0,0,0,0,0,0,0,0,,
2022-10-02 16:00:00,0.02,0.7,0.396,9.4,0.166,28,0.487,27.7,-0.1,783,0,0,0,0,0,0,0,0,0,0,0,0,,
2022-10-02 17:00:00,0.016,0.7,0.393,9.3,0.163,28,0.485,27.9,-1.1,783,0,0,0,0,0,0,0,0,0,0,0,0,,
2022-10-02 18:00:00,0.029,0.7,0.388,9.1,0.16,28,0.483,26.6,-0.1,783,0,0,0,0,0,0,0,0,0,0,0,0,,
2022-10-02 19:00:00,0.027,0.7,0.386,9,0.158,29,0.481,25.1,1.1,783,0,0,0,0,0,0,0,0,0,0,0,0,,
2022-10-02 20:00:00,0.027,0.7,0.384,9,0.156,30,0.479,24,0.9,783,0,0,0,0,0,0,0,0,0,0,0,0,,
2022-10-02 21:00:00,0.026,0.7,0.382,8.9,0.155,31,0.477,22.7,0.9,783,0,0,0,0,0,0,0,0,0,0,0,0,,
2022-10-02 22:00:00,0.021,0.7,0.381,8.8,0.154,31,0.477,21.2,-1.8,783,0,0,0,0,0,0,0,0,0,0,0,0,,
2022-10-02 23:00:00,0.018,0.7,0.382,8.8,0.154,32,0.476,19.8,1.2,783,0,0,0,0,0,0,0,0,0,0,0,0,,
2022-10-03 00:00:00,0.015,0.7,0.382,8.9,0.155,32,0.477,18.6,-2.2,783,0,0,0,0,0,0,0,0,0,0,0,0,,
2022-10-03 01:00:00,0.012,0.7,0.383,8.9,0.156,33,0.477,18,-0.9,780.8,0,0,0,0,0,0,0,0,0,0,0,0,,
2022-10-03 02:00:00,0.018,0.7,0.385,9,0.157,33,0.479,17.1,1.7,780.8,0,0,0,0,0,0,0,0,0,0,0,0,,
2022-10-03 03:00:00,0.016,0.7,0.388,9.1,0.159,34,0.48,16.9,0.1,780.8,0,0,0,0,0,0,0,0,0,0,0,0,,
2022-10-03 04:00:00,0.013,0.7,0.39,9.2,0.161,34,0.481,16.1,-1.3,780.8,0,0,0,0,0,0,0,0,0,0,0,0,,
2022-10-03 05:00:00,0.023,0.701,0.394,9.3,0.164,35,0.483,15.5,3.1,780.8,0,0,0,0,0,0,0,0,0,0,0,0,,
2022-10-03 06:00:00,0.019,0.7,0.398,9.5,0.166,35,0.485,15.4,-0.1,780.8,0,0,0,0,0,0,0,0,0,0,0,0,,
2022-10-03 07:00:00,0.017,0.7,0.401,9.6,0.169,36,0.487,15.3,1.5,780.8,0,0,0,0,0,0,0,0,0,0,0,0,,
2022-10-03 08:00:00,0.018,0.7,0.405,9.7,0.172,37,0.488,16.9,-0.4,780.8,0,0,0,0,0,0,0,0,0,0,0,0,,
2022-10-03 09:00:00,0.02,0.7,0.407,9.8,0.173,37,0.49,19.1,1.8,780.8,0,0,0,0,0,0,0,0,0,0,0,0,,
2022-10-03 10:00:00,0.015,0.7,0.408,9.9,0.174,37,0.49,21.2,3.9,780.8,0,0,0,0,0,0,0,0,0,0,0,0,,
2022-10-03 11:00:00,0.016,0.7,0.41,9.9,0.175,36,0.491,23.8,0.7,780.8,0,0,0,0,0,0,0,0,0,0,0,0,,
2022-10-03 12:00:00,0.013,0.701,0.409,9.9,0.175,35,0.491,25.6,-2.2,780.8,0,0,0,0,0,0,0,0,0,0,0,0,,
2022-10-03 13:00:00,0.018,0.7,0.408,9.9,0.175,35,0.491,26.4,-0.5,780.8,0,0,0,0,0,0,0,0,0,0,0,0,,
2022-10-03 14:00:00,0.019,0.7,0.407,9.9,0.173,34,0.491,27.4,-0.3,780.8,0,0,0,0,0,0,0,0,0,0,0,0,,
2022-10-03 15:00:00,0.037,0.701,0.403,9.7,0.172,33,0.49,26.7,0.7,780.8,0,0,0,0,0,0,0,0,0,0,0,0,,
2022-10-03 16:00:00,0.03,0.7,0.401,9.6,0.17,33,0.489,25.9,0.2,780.8,0,0,0,0,0,0,0,0,0,0,0,0,,
2022-10-03 17:00:00,0.028,0.7,0.4,9.6,0.168,42,0.487,20.2,-0.6,780.8,0,0,0,0,0,0,0,0,0,0,0,0,,
2022-10-03 18:00:00,0.021,0.7,0.396,9.4,0.166,43,0.485,17.8,0.1,780.8,0,0,0,0,0,0,0,0,0,0,0,0,,
2022-10-03 19:00:00,0.015,0.7,0.394,9.4,0.164,43,0.484,17.6,1.2,780.8,0,0,0,0,0,0,0,0,0,0,0,0,,
2022-10-03 20:00:00,0.026,0.7,0.391,9.3,0.163,42,0.484,17.7,0.3,780.8,0,0,0,0,0,0,0,0,0,0,0,0,,
2022-10-03 21:00:00,0.03,0.7,0.391,9.3,0.162,43,0.483,18.3,-0.1,780.8,0,0,0,0,0,0,0,0,0,0,0,0,,
2022-10-03 22:00:00,0.026,0.7,0.393,9.3,0.164,43,0.484,18.6,0.1,780.8,0,0,0,0,0,0,0,0,0,0,0,0,,
2022-10-03 23:00:00,0.029,0.7,0.397,9.5,0.166,43,0.485,18.3,1.1,780.8,0,0,0,0,0,0,0,0,0,0,0,0,,
2022-10-04 00:00:00,0.03,0.701,0.4,9.6,0.168,42,0.487,18.4,1,780.8,0,0,0,0,0,0,0,0,0,0,0,0,,
2022-10-04 01:00:00,0.025,0.701,0.403,9.7,0.17,44,0.488,17.4,0.7,784.1,0,0,0,0,0,0,0,0,0,0,0,0,,
2022-10-04 02:00:00,0.018,0.7,0.406,9.8,0.172,40,0.489,16.7,0.1,784.1,0,0,0,0,0,0,0,0,0,0,0,0,,
2022-10-04 03:00:00,0.012,0.7,0.408,9.9,0.174,39,0.49,16,-2,784.1,0,0,0,0,0,0,0,0,0,0,0,0,,
2022-10-04 04:00:00,0.015,0.701,0.41,10,0.175,39,0.49,15.6,1.6,784.1,0,0,0,0,0,0,0,0,0,0,0,0,,
2022-10-04 05:00:00,0.014,0.7,0.412,10,0.176,40,0.49,15.3,1,784.1,0,0,0,0,0,0,0,0,0,0,0,0,,
2022-10-04 06:00:00,0.021,0.7,0.413,10.1,0.178,40,0.491,15,-0.1,784.1,0,0,0,0,0,0,0,0,0,0,0,0,,
2022-10-04 07:00:00,0.02,0.701,0.415,10.2,0.179,41,0.491,15,0,784.1,0,0,0,0,0,0,0,0,0,0,0,0,,
2022-10-04 08:00:00,0.025,0.7,0.416,10.2,0.18,41,0.491,16.7,-0.7,784.1,0,0,0,0,0,0,0,0,0,0,0,0,,
2022-10-04 09:00:00,0.027,0.7,0.417,10.2,0.181,41,0.492,18,-0.3,784.1,0,0,0,0,0,0,0,0,0,0,0,0,,
2022-10-04 10:00:00,0.053,0.7,0.418,10.3,0.181,41,0.493,19.9,-1.2,784.1,0,0,0,0,0,0,0,0,0,0,0,0,,
2022-10-04 11:00:00,0.069,0.7,0.418,10.3,0.182,42,0.493,21.9,0.8,784.1,0,0,0,0,0,0,0,0,0,0,0,0,,
2022-10-04 12:00:00,0.04,0.7,0.418,10.3,0.182,40,0.493,24,-1.2,784.1,0,0,0,0,0,0,0,0,0,0,0,0,,
2022-10-04 13:00:00,0.017,0.7,0.418,10.3,0.181,37,0.493,25.9,-1.6,784.1,0,0,0,0,0,0,0,0,0,0,0,0,,
2022-10-04 14:00:00,0.023,0.7,0.416,10.2,0.18,34,0.493,27.4,0.6,784.1,0,0,0,0,0,0,0,0,0,0,0,0,,
2022-10-04 15:00:00,0.024,0.701,0.415,10.2,0.179,33,0.493,28,-2.2,784.1,0,0,0,0,0,0,0,0,0,0,0,0,,
2022-10-04 16:00:00,0.024,0.7,0.413,10.1,0.178,35,0.493,27.8,-0.5,784.1,0,0,0,0,0,0,0,0,0,0,0,0,,
2022-10-04 17:00:00,0.025,0.7,0.411,10,0.178,38,0.492,24.7,0.3,784.1,0,0,0,0,0,0,0,0,0,0,0,0,,
2022-10-04 18:00:00,0.025,0.7,0.41,10,0.176,40,0.491,22.4,-2.2,784.1,0,0,0,0,0,0,0,0,0,0,0,0,,
2022-10-04 19:00:00,0.035,0.7,0.408,9.9,0.175,39,0.491,22.4,0.7,784.1,0,0,0,0,0,0,0,0,0,0,0,0,,
2022-10-04 20:00:00,0.037,0.701,0.405,9.8,0.173,37,0.49,21.8,0.4,784.1,0,0,0,0,0,0,0,0,0,0,0,0,,
2022-10-04 21:00:00,0.033,0.7,0.405,9.8,0.173,36,0.49,21.3,-0.3,784.1,0,0,0,0,0,0,0,0,0,0,0,0,,
2022-10-04 22:00:00,0.031,0.7,0.404,9.8,0.172,37,0.49,20.2,1.9,784.1,0,0,0,0,0,0,0,0,0,0,0,0,,
2022-10-04 23:00:00,0.024,0.7,0.405,9.8,0.2,38,0.49,19,-1,784.1,0,0,0,0,0,0,0,0,0,0,0,0,,
2022-10-05 00:00:00,0.019,0.7,0.407,9.8,7.8,38,0.49,18.6,2.2,784.1,0,0,0,0,0,0,0,0,0,0,0,0,,
2022-10-05 01:00:00,0.014,0.701,0.407,9.9,7.8,39,0.49,18.1,-0.3,782.3,0,0,0,0,0,0,0,0,0,0,0,0,,
2022-10-05 02:00:00,0.016,0.7,0.408,9.9,7.8,39,0.49,17.6,0.9,782.3,0,0,0,0,0,0,0,0,0,0,0,0,,
2022-10-05 03:00:00,0.013,0.7,0.41,10,7.9,41,0.49,17.3,1.2,782.3,0,0,0,0,0,0,0,0,0,0,0,0,,
2022-10-05 04:00:00,0.013,0.7,0.411,10,7.9,42,0.49,16.8,2.4,782.3,0,0,0,0,0,0,0,0,0,0,0,0,,
2022-10-05 05:00:00,0.025,0.7,0.413,10.1,7.9,43,0.491,16.4,0.8,782.3,0,0,0,0,0,0,0,0,0,0,0,0,,
2022-10-05 06:00:00,0.024,0.7,0.414,10.1,8,43,0.491,16.5,-0.6,782.3,0,0,0,0,0,0,0,0,0,0,0,0,,
2022-10-05 07:00:00,0.036,0.7,0.415,10.2,8,43,0.491,16.5,0.1,782.3,0,0,0,0,0,0,0,0,0,0,0,0,,
2022-10-05 08:00:00,0.03,0.7,0.415,10.2,8.1,43,0.491,17.1,-0.5,782.3,0,0,0,0,0,0,0,0,0,0,0,0,,
2022-10-05 09:00:00,0.032,0.7,0.416,10.2,8.1,42,0.492,18,2,782.3,0,0,0,0,0,0,0,0,0,0,0,0,,
2022-10-05 10:00:00,0.03,0.7,0.418,10.3,8.1,41,0.493,18.4,1.1,782.3,0,0,0,0,0,0,0,0,0,0,0,0,,
2022-10-05 11:00:00,0.032,0.7,0.419,10.3,8.1,40,0.493,20,-2,782.3,0,0,0,0,0,0,0,0,0,0,0,0,,
2022-10-05 12:00:00,0.033,0.701,0.419,10.3,8.1,39,0.493,22.5,-0.1,782.3,0,0,0,0,0,0,0,0,0,0,0,0,,
2022-10-05 13:00:00,0.029,0.7,0.418,10.2,8.1,39,0.493,24.6,-1.7,782.3,0,0,0,0,0,0,0,0,0,0,0,0,,
2022-10-05 14:00:00,0.029,0.7,0.417,10.2,8.1,38,0.493,25.8,0.5,782.3,0,0,0,0,0,0,0,0,0,0,0,0,,
2022-10-05 15:00:00,0.029,0.7,0.415,10.2,8,36,0.493,26.5,-0.5,782.3,0,0,0,0,0,0,0,0,0,0,0,0,,
2022-10-05 16:00:00,0.026,0.701,0.414,10.1,8,34,0.493,26.9,2.1,782.3,0,0,0,0,0,0,0,0,0,0,0,0,,
2022-10-05 17:00:00,0.024,0.7,0.411,10,7.9,33,0.493,25.9,-0.6,782.3,0,0,0,0,0,0,0,0,0,0,0,0,,
2022-10-05 18:00:00,0.018,0.7,0.409,10,7.9,34,0.491,23.5,0.9,782.3,0,0,0,0,0,0,0,0,0,0,0,0,,
2022-10-05 19:00:00,0.026,0.7,0.407,9.9,7.8,33,0.491,22.9,-0.5,782.3,0,0,0,0,0,0,0,0,0,0,0,0,,
2022-10-05 20:00:00,0.037,0.7,0.405,9.8,7.7,33,0.49,23.2,-0.6,782.3,0,0,0,0,0,0,0,0,0,0,0,0,,
2022-10-05 21:00:00,0.025,0.7,0.404,9.7,7.7,33,0.49,22.5,-3.1,782.3,0,0,0,0,0,0,0,0,0,0,0,0,,
2022-10-05 22:00:00,0.017,0.7,0.404,9.7,7.6,35,0.489,21.6,0.8,782.3,0,0,0,0,0,0,0,0,0,0,0,0,,
2022-10-05 23:00:00,0.016,0.7,0.404,9.7,7.6,38,0.488,20.4,0.6,782.3,0,0,0,0,0,0,0,0,0,0,0,0,,
2022-10-06 00:00:00,0.011,0.7,0.404,9.7,7.6,40,0.488,19.5,0,782.3,0,0,0,0,0,0,0,0,0,0,0,0,,
2022-10-06 01:00:00,0.012,0.701,0.404,9.7,7.7,42,0.489,18.6,-0.3,781.2,0,0,0,0,0,0,0,0,0,0,0,0,,
2022-10-06 02:00:00,0.008,0.701,0.405,9.8,7.7,44,0.489,18.2,1.9,781.2,0,0,0,0,0,0,0,0,0,0,0,0,,
2022-10-06 03:00:00,0.009,0.7,0.406,9.8,7.7,44,0.49,17.8,-0.1,781.2,0,0,0,0,0,0,0,0,0,0,0,0,,
2022-10-06 04:00:00,0.014,0.701,0.407,9.9,7.8,43,0.49,17.6,0,781.2,0,0,0,0,0,0,0,0,0,0,0,0,,
2022-10-06 05:00:00,0.012,0.7,0.41,9.9,7.8,44,0.49,17.1,-0.9,781.2,0,0,0,0,0,0,0,0,0,0,0,0,,
2022-10-06 06:00:00,0.017,0.7,0.411,10,7.9,43,0.49,16.9,0,781.2,0,0,0,0,0,0,0,0,0,0,0,0,,
2022-10-06 07:00:00,0.031,0.7,0.412,10,7.9,44,0.491,16.6,-2.2,781.2,0,0,0,0,0,0,0,0,0,0,0,0,,
2022-10-06 08:00:00,0.012,0.7,0.415,10.1,7.9,43,0.491,16.6,0,781.2,0,0,0,0,0,0,0,0,0,0,0,0,,
2022-10-06 09:00:00,0.018,0.701,0.416,10.1,8,43,0.491,18.4,0.4,781.2,0,0,0,0,0,0,0,0,0,0,0,0,,
2022-10-06 10:00:00,0.029,0.7,0.416,10.2,8,42,0.492,19.2,-0.2,781.2,0,0,0,0,0,0,0,0,0,0,0,0,,
2022-10-06 11:00:00,0.04,0.701,0.417,10.2,8,41,0.492,20.4,0.8,781.2,0,0,0,0,0,0,0,0,0,0,0,0,,
2022-10-06 12:00:00,0.037,0.7,0.416,10.2,8,40,0.492,21.5,1.1,781.2,0,0,0,0,0,0,0,0,0,0,0,0,,
